Estimate Year,Occupied housing units,RACE AND HISPANIC OR LATINO ORIGIN OF HOUSEHOLDER,One race --,White,Black or African American,American Indian and Alaska Native,Asian,Native Hawaiian and Other Pacific Islander,Some other race,Two or more races,Hispanic or Latino origin,"White alone, not Hispanic or Latino",AGE OF HOUSEHOLDER,Under 35 years,35 to 44 years,45 to 54 years,55 to 64 years,65 to 74 years,75 to 84 years,85 years and over,EDUCATIONAL ATTAINMENT OF HOUSEHOLDER,Less than high school graduate,High school graduate (includes equivalency),Some college or associate's degree,Bachelor's degree or higher,YEAR HOUSEHOLDER MOVED INTO UNIT,Moved in 2015 or later,Moved in 2010 to 2014,Moved in 2000 to 2009,Moved in 1990 to 1999,Moved in 1980 to 1989,Moved in 1979 or earlier,Moved in 2017 or later,Moved in 2015 to 2016,Moved in 1989 or earlier,Moved in 2019 or later,Moved in 2015 to 2018,Moved in 2021 or later,Moved in 2018 to 2020,Moved in 2010 to 2017
2017,"2,407",,,"1,080",419,46,594,0,152,116,394,911,,804,465,405,410,217,72,34,,99,218,546,"1,544",,168,903,719,340,150,127,,,,,,,,
2017,"2,407",,,44.9%,17.4%,1.9%,24.7%,0.0%,6.3%,4.8%,16.4%,37.8%,,33.4%,19.3%,16.8%,17.0%,9.0%,3.0%,1.4%,,4.1%,9.1%,22.7%,64.1%,,7.0%,37.5%,29.9%,14.1%,6.2%,5.3%,,,,,,,,
2017,642.0,,,249.0,24.0,13.0,291.0,0.0,0.0,65.0,34.0,224.0,,53.0,132.0,68.0,162.0,142.0,72.0,13.0,,52.0,122.0,160.0,308.0,,16.0,121.0,146.0,178.0,54.0,127.0,,,,,,,,
2017,642,,,38.8%,3.7%,2.0%,45.3%,0.0%,0.0%,10.1%,5.3%,34.9%,,8.3%,20.6%,10.6%,25.2%,22.1%,11.2%,2.0%,,8.1%,19.0%,24.9%,48.0%,,2.5%,18.8%,22.7%,27.7%,8.4%,19.8%,,,,,,,,
2017,"1,765",,,831,395,33,303,0,152,51,360,687,,751,333,337,248,75,0,21,,47,96,386,"1,236",,152,782,573,162,96,0,,,,,,,,
2017,"1,765",,,47.1%,22.4%,1.9%,17.2%,0.0%,8.6%,2.9%,20.4%,38.9%,,42.5%,18.9%,19.1%,14.1%,4.2%,0.0%,1.2%,,2.7%,5.4%,21.9%,70.0%,,8.6%,44.3%,32.5%,9.2%,5.4%,0.0%,,,,,,,,
2017,"1,548",,,853,384,7,154,7,52,91,105,816,,459,379,295,154,168,80,13,,76,92,365,"1,015",,126,828,353,163,43,35,,,,,,,,
2017,"1,548",,,55.1%,24.8%,0.5%,9.9%,0.5%,3.4%,5.9%,6.8%,52.7%,,29.7%,24.5%,19.1%,9.9%,10.9%,5.2%,0.8%,,4.9%,5.9%,23.6%,65.6%,,8.1%,53.5%,22.8%,10.5%,2.8%,2.3%,,,,,,,,
2017,143.0,,,75.0,5.0,0.0,40.0,7.0,0.0,16.0,0.0,75.0,,10.0,25.0,12.0,29.0,28.0,39.0,0.0,,11.0,19.0,31.0,82.0,,7.0,25.0,31.0,35.0,10.0,35.0,,,,,,,,
2017,143,,,52.4%,3.5%,0.0%,28.0%,4.9%,0.0%,11.2%,0.0%,52.4%,,7.0%,17.5%,8.4%,20.3%,19.6%,27.3%,0.0%,,7.7%,13.3%,21.7%,57.3%,,4.9%,17.5%,21.7%,24.5%,7.0%,24.5%,,,,,,,,
2017,"1,405",,,778,379,7,114,0,52,75,105,741,,449,354,283,125,140,41,13,,65,73,334,933,,119,803,322,128,33,0,,,,,,,,
2017,"1,405",,,55.4%,27.0%,0.5%,8.1%,0.0%,3.7%,5.3%,7.5%,52.7%,,32.0%,25.2%,20.1%,8.9%,10.0%,2.9%,0.9%,,4.6%,5.2%,23.8%,66.4%,,8.5%,57.2%,22.9%,9.1%,2.3%,0.0%,,,,,,,,
2017,"1,448",,,619,228,7,463,0,59,72,139,544,,430,279,150,240,167,136,46,,334,57,404,653,,188,759,348,95,31,27,,,,,,,,
2017,"1,448",,,42.7%,15.7%,0.5%,32.0%,0.0%,4.1%,5.0%,9.6%,37.6%,,29.7%,19.3%,10.4%,16.6%,11.5%,9.4%,3.2%,,23.1%,3.9%,27.9%,45.1%,,13.0%,52.4%,24.0%,6.6%,2.1%,1.9%,,,,,,,,
2017,77.0,,,24.0,0.0,0.0,53.0,0.0,0.0,0.0,17.0,7.0,,0.0,0.0,0.0,24.0,8.0,36.0,9.0,,45.0,0.0,25.0,7.0,,7.0,0.0,14.0,8.0,31.0,17.0,,,,,,,,
2017,77,,,31.2%,0.0%,0.0%,68.8%,0.0%,0.0%,0.0%,22.1%,9.1%,,0.0%,0.0%,0.0%,31.2%,10.4%,46.8%,11.7%,,58.4%,0.0%,32.5%,9.1%,,9.1%,0.0%,18.2%,10.4%,40.3%,22.1%,,,,,,,,
2017,"1,371",,,595,228,7,410,0,59,72,122,537,,430,279,150,216,159,100,37,,289,57,379,646,,181,759,334,87,0,10,,,,,,,,
2017,"1,371",,,43.4%,16.6%,0.5%,29.9%,0.0%,4.3%,5.3%,8.9%,39.2%,,31.4%,20.4%,10.9%,15.8%,11.6%,7.3%,2.7%,,21.1%,4.2%,27.6%,47.1%,,13.2%,55.4%,24.4%,6.3%,0.0%,0.7%,,,,,,,,
2017,"1,688",,,450,404,12,493,0,205,124,299,338,,553,323,344,238,149,64,17,,334,272,617,465,,162,814,386,160,110,56,,,,,,,,
2017,"1,688",,,26.7%,23.9%,0.7%,29.2%,0.0%,12.1%,7.3%,17.7%,20.0%,,32.8%,19.1%,20.4%,14.1%,8.8%,3.8%,1.0%,,19.8%,16.1%,36.6%,27.5%,,9.6%,48.2%,22.9%,9.5%,6.5%,3.3%,,,,,,,,
2017,208.0,,,61.0,11.0,0.0,118.0,0.0,0.0,18.0,24.0,37.0,,10.0,21.0,97.0,19.0,29.0,15.0,17.0,,95.0,15.0,35.0,63.0,,9.0,35.0,8.0,42.0,73.0,41.0,,,,,,,,
2017,208,,,29.3%,5.3%,0.0%,56.7%,0.0%,0.0%,8.7%,11.5%,17.8%,,4.8%,10.1%,46.6%,9.1%,13.9%,7.2%,8.2%,,45.7%,7.2%,16.8%,30.3%,,4.3%,16.8%,3.8%,20.2%,35.1%,19.7%,,,,,,,,
2017,"1,480",,,389,393,12,375,0,205,106,275,301,,543,302,247,219,120,49,0,,239,257,582,402,,153,779,378,118,37,15,,,,,,,,
2017,"1,480",,,26.3%,26.6%,0.8%,25.3%,0.0%,13.9%,7.2%,18.6%,20.3%,,36.7%,20.4%,16.7%,14.8%,8.1%,3.3%,0.0%,,16.1%,17.4%,39.3%,27.2%,,10.3%,52.6%,25.5%,8.0%,2.5%,1.0%,,,,,,,,
2017,"1,133",,,219,350,42,319,52,108,43,188,191,,267,351,296,164,25,12,18,,221,167,438,307,,154,573,246,111,34,15,,,,,,,,
2017,"1,133",,,19.3%,30.9%,3.7%,28.2%,4.6%,9.5%,3.8%,16.6%,16.9%,,23.6%,31.0%,26.1%,14.5%,2.2%,1.1%,1.6%,,19.5%,14.7%,38.7%,27.1%,,13.6%,50.6%,21.7%,9.8%,3.0%,1.3%,,,,,,,,
2017,84.0,,,20.0,0.0,0.0,61.0,0.0,3.0,0.0,3.0,20.0,,0.0,27.0,17.0,27.0,0.0,5.0,8.0,,12.0,5.0,47.0,20.0,,9.0,14.0,32.0,16.0,5.0,8.0,,,,,,,,
2017,84,,,23.8%,0.0%,0.0%,72.6%,0.0%,3.6%,0.0%,3.6%,23.8%,,0.0%,32.1%,20.2%,32.1%,0.0%,6.0%,9.5%,,14.3%,6.0%,56.0%,23.8%,,10.7%,16.7%,38.1%,19.0%,6.0%,9.5%,,,,,,,,
2017,"1,049",,,199,350,42,258,52,105,43,185,171,,267,324,279,137,25,7,10,,209,162,391,287,,145,559,214,95,29,7,,,,,,,,
2017,"1,049",,,19.0%,33.4%,4.0%,24.6%,5.0%,10.0%,4.1%,17.6%,16.3%,,25.5%,30.9%,26.6%,13.1%,2.4%,0.7%,1.0%,,19.9%,15.4%,37.3%,27.4%,,13.8%,53.3%,20.4%,9.1%,2.8%,0.7%,,,,,,,,
2017,"1,580",,,533,272,0,663,6,22,84,166,423,,528,236,321,283,108,58,46,,294,256,386,644,,256,566,371,259,79,49,,,,,,,,
2017,"1,580",,,33.7%,17.2%,0.0%,42.0%,0.4%,1.4%,5.3%,10.5%,26.8%,,33.4%,14.9%,20.3%,17.9%,6.8%,3.7%,2.9%,,18.6%,16.2%,24.4%,40.8%,,16.2%,35.8%,23.5%,16.4%,5.0%,3.1%,,,,,,,,
2017,344.0,,,115.0,68.0,0.0,141.0,6.0,0.0,14.0,23.0,92.0,,10.0,17.0,80.0,130.0,60.0,24.0,23.0,,78.0,17.0,122.0,127.0,,33.0,60.0,82.0,111.0,18.0,40.0,,,,,,,,
2017,344,,,33.4%,19.8%,0.0%,41.0%,1.7%,0.0%,4.1%,6.7%,26.7%,,2.9%,4.9%,23.3%,37.8%,17.4%,7.0%,6.7%,,22.7%,4.9%,35.5%,36.9%,,9.6%,17.4%,23.8%,32.3%,5.2%,11.6%,,,,,,,,
2017,"1,236",,,418,204,0,522,0,22,70,143,331,,518,219,241,153,48,34,23,,216,239,264,517,,223,506,289,148,61,9,,,,,,,,
2017,"1,236",,,33.8%,16.5%,0.0%,42.2%,0.0%,1.8%,5.7%,11.6%,26.8%,,41.9%,17.7%,19.5%,12.4%,3.9%,2.8%,1.9%,,17.5%,19.3%,21.4%,41.8%,,18.0%,40.9%,23.4%,12.0%,4.9%,0.7%,,,,,,,,
2017,"1,371",,,571,273,46,307,0,77,97,285,399,,341,430,220,197,142,30,11,,199,115,364,693,,107,534,459,128,21,122,,,,,,,,
2017,"1,371",,,41.6%,19.9%,3.4%,22.4%,0.0%,5.6%,7.1%,20.8%,29.1%,,24.9%,31.4%,16.0%,14.4%,10.4%,2.2%,0.8%,,14.5%,8.4%,26.5%,50.5%,,7.8%,38.9%,33.5%,9.3%,1.5%,8.9%,,,,,,,,
2017,433.0,,,229.0,62.0,2.0,128.0,0.0,0.0,12.0,53.0,176.0,,59.0,113.0,76.0,80.0,71.0,23.0,11.0,,35.0,23.0,70.0,305.0,,32.0,47.0,177.0,73.0,0.0,104.0,,,,,,,,
2017,433,,,52.9%,14.3%,0.5%,29.6%,0.0%,0.0%,2.8%,12.2%,40.6%,,13.6%,26.1%,17.6%,18.5%,16.4%,5.3%,2.5%,,8.1%,5.3%,16.2%,70.4%,,7.4%,10.9%,40.9%,16.9%,0.0%,24.0%,,,,,,,,
2017,938.0,,,342.0,211.0,44.0,179.0,0.0,77.0,85.0,232.0,223.0,,282.0,317.0,144.0,117.0,71.0,7.0,0.0,,164.0,92.0,294.0,388.0,,75.0,487.0,282.0,55.0,21.0,18.0,,,,,,,,
2017,938,,,36.5%,22.5%,4.7%,19.1%,0.0%,8.2%,9.1%,24.7%,23.8%,,30.1%,33.8%,15.4%,12.5%,7.6%,0.7%,0.0%,,17.5%,9.8%,31.3%,41.4%,,8.0%,51.9%,30.1%,5.9%,2.2%,1.9%,,,,,,,,
2017,"1,353",,,327,562,9,306,0,98,51,170,237,,417,280,194,322,107,23,10,,185,235,536,397,,111,537,403,107,101,94,,,,,,,,
2017,"1,353",,,24.2%,41.5%,0.7%,22.6%,0.0%,7.2%,3.8%,12.6%,17.5%,,30.8%,20.7%,14.3%,23.8%,7.9%,1.7%,0.7%,,13.7%,17.4%,39.6%,29.3%,,8.2%,39.7%,29.8%,7.9%,7.5%,6.9%,,,,,,,,
2017,310.0,,,79.0,102.0,0.0,80.0,0.0,49.0,0.0,48.0,70.0,,23.0,53.0,91.0,75.0,45.0,23.0,0.0,,70.0,55.0,47.0,138.0,,0.0,63.0,91.0,34.0,57.0,65.0,,,,,,,,
2017,310,,,25.5%,32.9%,0.0%,25.8%,0.0%,15.8%,0.0%,15.5%,22.6%,,7.4%,17.1%,29.4%,24.2%,14.5%,7.4%,0.0%,,22.6%,17.7%,15.2%,44.5%,,0.0%,20.3%,29.4%,11.0%,18.4%,21.0%,,,,,,,,
2017,"1,043",,,248,460,9,226,0,49,51,122,167,,394,227,103,247,62,0,10,,115,180,489,259,,111,474,312,73,44,29,,,,,,,,
2017,"1,043",,,23.8%,44.1%,0.9%,21.7%,0.0%,4.7%,4.9%,11.7%,16.0%,,37.8%,21.8%,9.9%,23.7%,5.9%,0.0%,1.0%,,11.0%,17.3%,46.9%,24.8%,,10.6%,45.4%,29.9%,7.0%,4.2%,2.8%,,,,,,,,
2017,"1,333",,,262,393,9,510,25,70,64,214,163,,346,260,290,271,83,74,9,,354,387,349,243,,104,528,446,166,52,37,,,,,,,,
2017,"1,333",,,19.7%,29.5%,0.7%,38.3%,1.9%,5.3%,4.8%,16.1%,12.2%,,26.0%,19.5%,21.8%,20.3%,6.2%,5.6%,0.7%,,26.6%,29.0%,26.2%,18.2%,,7.8%,39.6%,33.5%,12.5%,3.9%,2.8%,,,,,,,,
2017,468.0,,,97.0,122.0,0.0,189.0,0.0,17.0,43.0,70.0,75.0,,47.0,70.0,115.0,104.0,74.0,49.0,9.0,,108.0,69.0,130.0,161.0,,29.0,66.0,164.0,129.0,43.0,37.0,,,,,,,,
2017,468,,,20.7%,26.1%,0.0%,40.4%,0.0%,3.6%,9.2%,15.0%,16.0%,,10.0%,15.0%,24.6%,22.2%,15.8%,10.5%,1.9%,,23.1%,14.7%,27.8%,34.4%,,6.2%,14.1%,35.0%,27.6%,9.2%,7.9%,,,,,,,,
2017,865.0,,,165.0,271.0,9.0,321.0,25.0,53.0,21.0,144.0,88.0,,299.0,190.0,175.0,167.0,9.0,25.0,0.0,,246.0,318.0,219.0,82.0,,75.0,462.0,282.0,37.0,9.0,0.0,,,,,,,,
2017,865,,,19.1%,31.3%,1.0%,37.1%,2.9%,6.1%,2.4%,16.6%,10.2%,,34.6%,22.0%,20.2%,19.3%,1.0%,2.9%,0.0%,,28.4%,36.8%,25.3%,9.5%,,8.7%,53.4%,32.6%,4.3%,1.0%,0.0%,,,,,,,,
2017,"1,080",,,175,205,51,367,0,272,10,425,50,,263,146,287,202,122,60,0,,534,203,312,31,,60,343,406,147,23,101,,,,,,,,
2017,"1,080",,,16.2%,19.0%,4.7%,34.0%,0.0%,25.2%,0.9%,39.4%,4.6%,,24.4%,13.5%,26.6%,18.7%,11.3%,5.6%,0.0%,,49.4%,18.8%,28.9%,2.9%,,5.6%,31.8%,37.6%,13.6%,2.1%,9.4%,,,,,,,,
2017,375.0,,,36.0,109.0,22.0,163.0,0.0,45.0,0.0,98.0,0.0,,11.0,47.0,79.0,128.0,68.0,42.0,0.0,,153.0,113.0,89.0,20.0,,11.0,60.0,126.0,60.0,17.0,101.0,,,,,,,,
2017,375,,,9.6%,29.1%,5.9%,43.5%,0.0%,12.0%,0.0%,26.1%,0.0%,,2.9%,12.5%,21.1%,34.1%,18.1%,11.2%,0.0%,,40.8%,30.1%,23.7%,5.3%,,2.9%,16.0%,33.6%,16.0%,4.5%,26.9%,,,,,,,,
2017,705.0,,,139.0,96.0,29.0,204.0,0.0,227.0,10.0,327.0,50.0,,252.0,99.0,208.0,74.0,54.0,18.0,0.0,,381.0,90.0,223.0,11.0,,49.0,283.0,280.0,87.0,6.0,0.0,,,,,,,,
2017,705,,,19.7%,13.6%,4.1%,28.9%,0.0%,32.2%,1.4%,46.4%,7.1%,,35.7%,14.0%,29.5%,10.5%,7.7%,2.6%,0.0%,,54.0%,12.8%,31.6%,1.6%,,7.0%,40.1%,39.7%,12.3%,0.9%,0.0%,,,,,,,,
2017,956.0,,,181.0,196.0,11.0,409.0,15.0,118.0,26.0,215.0,97.0,,241.0,159.0,208.0,188.0,96.0,46.0,18.0,,380.0,147.0,240.0,189.0,,61.0,457.0,256.0,109.0,47.0,26.0,,,,,,,,
2017,956,,,18.9%,20.5%,1.2%,42.8%,1.6%,12.3%,2.7%,22.5%,10.1%,,25.2%,16.6%,21.8%,19.7%,10.0%,4.8%,1.9%,,39.7%,15.4%,25.1%,19.8%,,6.4%,47.8%,26.8%,11.4%,4.9%,2.7%,,,,,,,,
2017,243.0,,,42.0,47.0,0.0,131.0,0.0,23.0,0.0,30.0,35.0,,29.0,40.0,67.0,57.0,33.0,12.0,5.0,,64.0,36.0,76.0,67.0,,22.0,78.0,61.0,33.0,36.0,13.0,,,,,,,,
2017,243,,,17.3%,19.3%,0.0%,53.9%,0.0%,9.5%,0.0%,12.3%,14.4%,,11.9%,16.5%,27.6%,23.5%,13.6%,4.9%,2.1%,,26.3%,14.8%,31.3%,27.6%,,9.1%,32.1%,25.1%,13.6%,14.8%,5.3%,,,,,,,,
2017,713.0,,,139.0,149.0,11.0,278.0,15.0,95.0,26.0,185.0,62.0,,212.0,119.0,141.0,131.0,63.0,34.0,13.0,,316.0,111.0,164.0,122.0,,39.0,379.0,195.0,76.0,11.0,13.0,,,,,,,,
2017,713,,,19.5%,20.9%,1.5%,39.0%,2.1%,13.3%,3.6%,25.9%,8.7%,,29.7%,16.7%,19.8%,18.4%,8.8%,4.8%,1.8%,,44.3%,15.6%,23.0%,17.1%,,5.5%,53.2%,27.3%,10.7%,1.5%,1.8%,,,,,,,,
2017,"1,405",,,384,234,6,570,7,129,75,172,341,,334,253,278,209,209,97,25,,354,253,378,420,,169,556,389,103,152,36,,,,,,,,
2017,"1,405",,,27.3%,16.7%,0.4%,40.6%,0.5%,9.2%,5.3%,12.2%,24.3%,,23.8%,18.0%,19.8%,14.9%,14.9%,6.9%,1.8%,,25.2%,18.0%,26.9%,29.9%,,12.0%,39.6%,27.7%,7.3%,10.8%,2.6%,,,,,,,,
2017,136.0,,,28.0,0.0,0.0,98.0,0.0,0.0,10.0,0.0,28.0,,25.0,44.0,11.0,24.0,32.0,0.0,0.0,,0.0,21.0,76.0,39.0,,13.0,44.0,0.0,11.0,57.0,11.0,,,,,,,,
2017,136,,,20.6%,0.0%,0.0%,72.1%,0.0%,0.0%,7.4%,0.0%,20.6%,,18.4%,32.4%,8.1%,17.6%,23.5%,0.0%,0.0%,,0.0%,15.4%,55.9%,28.7%,,9.6%,32.4%,0.0%,8.1%,41.9%,8.1%,,,,,,,,
2017,"1,269",,,356,234,6,472,7,129,65,172,313,,309,209,267,185,177,97,25,,354,232,302,381,,156,512,389,92,95,25,,,,,,,,
2017,"1,269",,,28.1%,18.4%,0.5%,37.2%,0.6%,10.2%,5.1%,13.6%,24.7%,,24.3%,16.5%,21.0%,14.6%,13.9%,7.6%,2.0%,,27.9%,18.3%,23.8%,30.0%,,12.3%,40.3%,30.7%,7.2%,7.5%,2.0%,,,,,,,,
2018,"2,427",,,"1,164",411,25,604,0,125,98,370,"1,013",,821,390,416,375,257,144,24,,81,211,548,"1,587",,,835,626,344,,,64,236,322,,,,,
2018,"2,427",,,48.0%,16.9%,1.0%,24.9%,0.0%,5.2%,4.0%,15.2%,41.7%,,33.8%,16.1%,17.1%,15.5%,10.6%,5.9%,1.0%,,3.3%,8.7%,22.6%,65.4%,,,34.4%,25.8%,14.2%,,,2.6%,9.7%,13.3%,,,,,
2018,658.0,,,296.0,30.0,13.0,291.0,0.0,0.0,28.0,52.0,272.0,,36.0,95.0,112.0,131.0,158.0,102.0,24.0,,51.0,107.0,115.0,385.0,,,132.0,110.0,170.0,,,0.0,47.0,199.0,,,,,
2018,658,,,45.0%,4.6%,2.0%,44.2%,0.0%,0.0%,4.3%,7.9%,41.3%,,5.5%,14.4%,17.0%,19.9%,24.0%,15.5%,3.6%,,7.8%,16.3%,17.5%,58.5%,,,20.1%,16.7%,25.8%,,,0.0%,7.1%,30.2%,,,,,
2018,"1,769",,,868,381,12,313,0,125,70,318,741,,785,295,304,244,99,42,0,,30,104,433,"1,202",,,703,516,174,,,64,189,123,,,,,
2018,"1,769",,,49.1%,21.5%,0.7%,17.7%,0.0%,7.1%,4.0%,18.0%,41.9%,,44.4%,16.7%,17.2%,13.8%,5.6%,2.4%,0.0%,,1.7%,5.9%,24.5%,67.9%,,,39.7%,29.2%,9.8%,,,3.6%,10.7%,7.0%,,,,,
2018,"1,584",,,802,357,0,194,14,111,106,192,756,,442,429,317,132,195,69,0,,106,56,345,"1,077",,,725,364,165,,,122,154,54,,,,,
2018,"1,584",,,50.6%,22.5%,0.0%,12.2%,0.9%,7.0%,6.7%,12.1%,47.7%,,27.9%,27.1%,20.0%,8.3%,12.3%,4.4%,0.0%,,6.7%,3.5%,21.8%,68.0%,,,45.8%,23.0%,10.4%,,,7.7%,9.7%,3.4%,,,,,
2018,143.0,,,61.0,8.0,0.0,55.0,6.0,0.0,13.0,0.0,61.0,,9.0,19.0,15.0,18.0,55.0,27.0,0.0,,34.0,17.0,22.0,70.0,,,22.0,24.0,54.0,,,0.0,7.0,36.0,,,,,
2018,143,,,42.7%,5.6%,0.0%,38.5%,4.2%,0.0%,9.1%,0.0%,42.7%,,6.3%,13.3%,10.5%,12.6%,38.5%,18.9%,0.0%,,23.8%,11.9%,15.4%,49.0%,,,15.4%,16.8%,37.8%,,,0.0%,4.9%,25.2%,,,,,
2018,"1,441",,,741,349,0,139,8,111,93,192,695,,433,410,302,114,140,42,0,,72,39,323,"1,007",,,703,340,111,,,122,147,18,,,,,
2018,"1,441",,,51.4%,24.2%,0.0%,9.6%,0.6%,7.7%,6.5%,13.3%,48.2%,,30.0%,28.5%,21.0%,7.9%,9.7%,2.9%,0.0%,,5.0%,2.7%,22.4%,69.9%,,,48.8%,23.6%,7.7%,,,8.5%,10.2%,1.2%,,,,,
2018,"1,401",,,670,169,8,443,0,55,56,142,576,,448,271,126,242,129,121,64,,269,51,396,685,,,619,348,101,,,77,201,55,,,,,
2018,"1,401",,,47.8%,12.1%,0.6%,31.6%,0.0%,3.9%,4.0%,10.1%,41.1%,,32.0%,19.3%,9.0%,17.3%,9.2%,8.6%,4.6%,,19.2%,3.6%,28.3%,48.9%,,,44.2%,24.8%,7.2%,,,5.5%,14.3%,3.9%,,,,,
2018,86.0,,,42.0,0.0,0.0,44.0,0.0,0.0,0.0,18.0,24.0,,0.0,0.0,0.0,34.0,16.0,31.0,5.0,,36.0,0.0,34.0,16.0,,,8.0,11.0,8.0,,,16.0,0.0,43.0,,,,,
2018,86,,,48.8%,0.0%,0.0%,51.2%,0.0%,0.0%,0.0%,20.9%,27.9%,,0.0%,0.0%,0.0%,39.5%,18.6%,36.0%,5.8%,,41.9%,0.0%,39.5%,18.6%,,,9.3%,12.8%,9.3%,,,18.6%,0.0%,50.0%,,,,,
2018,"1,315",,,628,169,8,399,0,55,56,124,552,,448,271,126,208,113,90,59,,233,51,362,669,,,611,337,93,,,61,201,12,,,,,
2018,"1,315",,,47.8%,12.9%,0.6%,30.3%,0.0%,4.2%,4.3%,9.4%,42.0%,,34.1%,20.6%,9.6%,15.8%,8.6%,6.8%,4.5%,,17.7%,3.9%,27.5%,50.9%,,,46.5%,25.6%,7.1%,,,4.6%,15.3%,0.9%,,,,,
2018,"1,730",,,410,416,0,524,0,242,138,262,335,,621,323,315,216,192,44,19,,259,224,694,553,,,865,276,161,,,54,209,165,,,,,
2018,"1,730",,,23.7%,24.0%,0.0%,30.3%,0.0%,14.0%,8.0%,15.1%,19.4%,,35.9%,18.7%,18.2%,12.5%,11.1%,2.5%,1.1%,,15.0%,12.9%,40.1%,32.0%,,,50.0%,16.0%,9.3%,,,3.1%,12.1%,9.5%,,,,,
2018,254.0,,,51.0,25.0,0.0,157.0,0.0,0.0,21.0,10.0,41.0,,11.0,37.0,85.0,33.0,55.0,14.0,19.0,,90.0,14.0,54.0,96.0,,,30.0,17.0,68.0,,,0.0,10.0,129.0,,,,,
2018,254,,,20.1%,9.8%,0.0%,61.8%,0.0%,0.0%,8.3%,3.9%,16.1%,,4.3%,14.6%,33.5%,13.0%,21.7%,5.5%,7.5%,,35.4%,5.5%,21.3%,37.8%,,,11.8%,6.7%,26.8%,,,0.0%,3.9%,50.8%,,,,,
2018,"1,476",,,359,391,0,367,0,242,117,252,294,,610,286,230,183,137,30,0,,169,210,640,457,,,835,259,93,,,54,199,36,,,,,
2018,"1,476",,,24.3%,26.5%,0.0%,24.9%,0.0%,16.4%,7.9%,17.1%,19.9%,,41.3%,19.4%,15.6%,12.4%,9.3%,2.0%,0.0%,,11.4%,14.2%,43.4%,31.0%,,,56.6%,17.5%,6.3%,,,3.7%,13.5%,2.4%,,,,,
2018,"1,167",,,278,377,43,292,19,112,46,210,232,,331,372,194,208,17,35,10,,197,186,384,400,,,596,203,67,,,49,191,61,,,,,
2018,"1,167",,,23.8%,32.3%,3.7%,25.0%,1.6%,9.6%,3.9%,18.0%,19.9%,,28.4%,31.9%,16.6%,17.8%,1.5%,3.0%,0.9%,,16.9%,15.9%,32.9%,34.3%,,,51.1%,17.4%,5.7%,,,4.2%,16.4%,5.2%,,,,,
2018,122.0,,,21.0,0.0,0.0,97.0,0.0,4.0,0.0,4.0,21.0,,9.0,14.0,25.0,52.0,0.0,12.0,10.0,,37.0,21.0,43.0,21.0,,,30.0,38.0,22.0,,,0.0,10.0,22.0,,,,,
2018,122,,,17.2%,0.0%,0.0%,79.5%,0.0%,3.3%,0.0%,3.3%,17.2%,,7.4%,11.5%,20.5%,42.6%,0.0%,9.8%,8.2%,,30.3%,17.2%,35.2%,17.2%,,,24.6%,31.1%,18.0%,,,0.0%,8.2%,18.0%,,,,,
2018,"1,045",,,257,377,43,195,19,108,46,206,211,,322,358,169,156,17,23,0,,160,165,341,379,,,566,165,45,,,49,181,39,,,,,
2018,"1,045",,,24.6%,36.1%,4.1%,18.7%,1.8%,10.3%,4.4%,19.7%,20.2%,,30.8%,34.3%,16.2%,14.9%,1.6%,2.2%,0.0%,,15.3%,15.8%,32.6%,36.3%,,,54.2%,15.8%,4.3%,,,4.7%,17.3%,3.7%,,,,,
2018,"1,557",,,656,292,0,495,11,21,82,168,554,,506,235,302,258,129,64,63,,197,173,444,743,,,482,376,265,,,77,241,116,,,,,
2018,"1,557",,,42.1%,18.8%,0.0%,31.8%,0.7%,1.3%,5.3%,10.8%,35.6%,,32.5%,15.1%,19.4%,16.6%,8.3%,4.1%,4.0%,,12.7%,11.1%,28.5%,47.7%,,,31.0%,24.1%,17.0%,,,4.9%,15.5%,7.5%,,,,,
2018,372.0,,,165.0,58.0,0.0,134.0,5.0,0.0,10.0,28.0,137.0,,22.0,32.0,106.0,87.0,73.0,24.0,28.0,,72.0,5.0,120.0,175.0,,,53.0,86.0,101.0,,,28.0,22.0,82.0,,,,,
2018,372,,,44.4%,15.6%,0.0%,36.0%,1.3%,0.0%,2.7%,7.5%,36.8%,,5.9%,8.6%,28.5%,23.4%,19.6%,6.5%,7.5%,,19.4%,1.3%,32.3%,47.0%,,,14.2%,23.1%,27.2%,,,7.5%,5.9%,22.0%,,,,,
2018,"1,185",,,491,234,0,361,6,21,72,140,417,,484,203,196,171,56,40,35,,125,168,324,568,,,429,290,164,,,49,219,34,,,,,
2018,"1,185",,,41.4%,19.7%,0.0%,30.5%,0.5%,1.8%,6.1%,11.8%,35.2%,,40.8%,17.1%,16.5%,14.4%,4.7%,3.4%,3.0%,,10.5%,14.2%,27.3%,47.9%,,,36.2%,24.5%,13.8%,,,4.1%,18.5%,2.9%,,,,,
2018,"1,409",,,637,300,45,249,0,97,81,295,470,,406,337,227,243,176,20,0,,185,129,348,747,,,518,447,144,,,11,175,114,,,,,
2018,"1,409",,,45.2%,21.3%,3.2%,17.7%,0.0%,6.9%,5.7%,20.9%,33.4%,,28.8%,23.9%,16.1%,17.2%,12.5%,1.4%,0.0%,,13.1%,9.2%,24.7%,53.0%,,,36.8%,31.7%,10.2%,,,0.8%,12.4%,8.1%,,,,,
2018,418.0,,,231.0,59.0,6.0,122.0,0.0,0.0,0.0,50.0,181.0,,58.0,91.0,90.0,78.0,81.0,20.0,0.0,,41.0,14.0,77.0,286.0,,,39.0,159.0,81.0,,,11.0,55.0,73.0,,,,,
2018,418,,,55.3%,14.1%,1.4%,29.2%,0.0%,0.0%,0.0%,12.0%,43.3%,,13.9%,21.8%,21.5%,18.7%,19.4%,4.8%,0.0%,,9.8%,3.3%,18.4%,68.4%,,,9.3%,38.0%,19.4%,,,2.6%,13.2%,17.5%,,,,,
2018,991.0,,,406.0,241.0,39.0,127.0,0.0,97.0,81.0,245.0,289.0,,348.0,246.0,137.0,165.0,95.0,0.0,0.0,,144.0,115.0,271.0,461.0,,,479.0,288.0,63.0,,,0.0,120.0,41.0,,,,,
2018,991,,,41.0%,24.3%,3.9%,12.8%,0.0%,9.8%,8.2%,24.7%,29.2%,,35.1%,24.8%,13.8%,16.6%,9.6%,0.0%,0.0%,,14.5%,11.6%,27.3%,46.5%,,,48.3%,29.1%,6.4%,,,0.0%,12.1%,4.1%,,,,,
2018,"1,340",,,315,496,17,333,0,114,65,189,230,,407,301,184,298,116,23,11,,148,208,553,431,,,514,399,110,,,10,153,154,,,,,
2018,"1,340",,,23.5%,37.0%,1.3%,24.9%,0.0%,8.5%,4.9%,14.1%,17.2%,,30.4%,22.5%,13.7%,22.2%,8.7%,1.7%,0.8%,,11.0%,15.5%,41.3%,32.2%,,,38.4%,29.8%,8.2%,,,0.7%,11.4%,11.5%,,,,,
2018,325.0,,,110.0,72.0,0.0,79.0,0.0,64.0,0.0,71.0,92.0,,40.0,53.0,88.0,56.0,65.0,23.0,0.0,,60.0,36.0,111.0,118.0,,,77.0,92.0,44.0,,,0.0,7.0,105.0,,,,,
2018,325,,,33.8%,22.2%,0.0%,24.3%,0.0%,19.7%,0.0%,21.8%,28.3%,,12.3%,16.3%,27.1%,17.2%,20.0%,7.1%,0.0%,,18.5%,11.1%,34.2%,36.3%,,,23.7%,28.3%,13.5%,,,0.0%,2.2%,32.3%,,,,,
2018,"1,015",,,205,424,17,254,0,50,65,118,138,,367,248,96,242,51,0,11,,88,172,442,313,,,437,307,66,,,10,146,49,,,,,
2018,"1,015",,,20.2%,41.8%,1.7%,25.0%,0.0%,4.9%,6.4%,11.6%,13.6%,,36.2%,24.4%,9.5%,23.8%,5.0%,0.0%,1.1%,,8.7%,16.9%,43.5%,30.8%,,,43.1%,30.2%,6.5%,,,1.0%,14.4%,4.8%,,,,,
2018,"1,351",,,277,369,17,531,20,95,42,211,193,,274,314,255,318,115,62,13,,368,353,405,225,,,518,369,150,,,40,145,129,,,,,
2018,"1,351",,,20.5%,27.3%,1.3%,39.3%,1.5%,7.0%,3.1%,15.6%,14.3%,,20.3%,23.2%,18.9%,23.5%,8.5%,4.6%,1.0%,,27.2%,26.1%,30.0%,16.7%,,,38.3%,27.3%,11.1%,,,3.0%,10.7%,9.5%,,,,,
2018,443.0,,,102.0,98.0,0.0,181.0,0.0,39.0,23.0,72.0,90.0,,43.0,59.0,99.0,133.0,82.0,14.0,13.0,,96.0,53.0,161.0,133.0,,,66.0,94.0,116.0,,,0.0,45.0,122.0,,,,,
2018,443,,,23.0%,22.1%,0.0%,40.9%,0.0%,8.8%,5.2%,16.3%,20.3%,,9.7%,13.3%,22.3%,30.0%,18.5%,3.2%,2.9%,,21.7%,12.0%,36.3%,30.0%,,,14.9%,21.2%,26.2%,,,0.0%,10.2%,27.5%,,,,,
2018,908.0,,,175.0,271.0,17.0,350.0,20.0,56.0,19.0,139.0,103.0,,231.0,255.0,156.0,185.0,33.0,48.0,0.0,,272.0,300.0,244.0,92.0,,,452.0,275.0,34.0,,,40.0,100.0,7.0,,,,,
2018,908,,,19.3%,29.8%,1.9%,38.5%,2.2%,6.2%,2.1%,15.3%,11.3%,,25.4%,28.1%,17.2%,20.4%,3.6%,5.3%,0.0%,,30.0%,33.0%,26.9%,10.1%,,,49.8%,30.3%,3.7%,,,4.4%,11.0%,0.8%,,,,,
2018,"1,089",,,175,193,56,359,11,265,30,445,49,,287,143,278,188,141,52,0,,533,187,314,55,,,370,340,133,,,43,67,136,,,,,
2018,"1,089",,,16.1%,17.7%,5.1%,33.0%,1.0%,24.3%,2.8%,40.9%,4.5%,,26.4%,13.1%,25.5%,17.3%,12.9%,4.8%,0.0%,,48.9%,17.2%,28.8%,5.1%,,,34.0%,31.2%,12.2%,,,3.9%,6.2%,12.5%,,,,,
2018,331.0,,,42.0,80.0,23.0,165.0,0.0,21.0,0.0,81.0,0.0,,35.0,33.0,34.0,106.0,79.0,44.0,0.0,,128.0,107.0,63.0,33.0,,,60.0,75.0,29.0,,,23.0,12.0,132.0,,,,,
2018,331,,,12.7%,24.2%,6.9%,49.8%,0.0%,6.3%,0.0%,24.5%,0.0%,,10.6%,10.0%,10.3%,32.0%,23.9%,13.3%,0.0%,,38.7%,32.3%,19.0%,10.0%,,,18.1%,22.7%,8.8%,,,6.9%,3.6%,39.9%,,,,,
2018,758.0,,,133.0,113.0,33.0,194.0,11.0,244.0,30.0,364.0,49.0,,252.0,110.0,244.0,82.0,62.0,8.0,0.0,,405.0,80.0,251.0,22.0,,,310.0,265.0,104.0,,,20.0,55.0,4.0,,,,,
2018,758,,,17.5%,14.9%,4.4%,25.6%,1.5%,32.2%,4.0%,48.0%,6.5%,,33.2%,14.5%,32.2%,10.8%,8.2%,1.1%,0.0%,,53.4%,10.6%,33.1%,2.9%,,,40.9%,35.0%,13.7%,,,2.6%,7.3%,0.5%,,,,,
2018,923.0,,,156.0,169.0,11.0,443.0,2.0,119.0,23.0,175.0,106.0,,238.0,135.0,193.0,145.0,118.0,58.0,36.0,,340.0,157.0,212.0,214.0,,,411.0,197.0,131.0,,,28.0,76.0,80.0,,,,,
2018,923,,,16.9%,18.3%,1.2%,48.0%,0.2%,12.9%,2.5%,19.0%,11.5%,,25.8%,14.6%,20.9%,15.7%,12.8%,6.3%,3.9%,,36.8%,17.0%,23.0%,23.2%,,,44.5%,21.3%,14.2%,,,3.0%,8.2%,8.7%,,,,,
2018,300.0,,,39.0,45.0,0.0,188.0,0.0,28.0,0.0,36.0,31.0,,35.0,40.0,64.0,65.0,54.0,19.0,23.0,,77.0,71.0,53.0,99.0,,,63.0,67.0,72.0,,,0.0,23.0,75.0,,,,,
2018,300,,,13.0%,15.0%,0.0%,62.7%,0.0%,9.3%,0.0%,12.0%,10.3%,,11.7%,13.3%,21.3%,21.7%,18.0%,6.3%,7.7%,,25.7%,23.7%,17.7%,33.0%,,,21.0%,22.3%,24.0%,,,0.0%,7.7%,25.0%,,,,,
2018,623.0,,,117.0,124.0,11.0,255.0,2.0,91.0,23.0,139.0,75.0,,203.0,95.0,129.0,80.0,64.0,39.0,13.0,,263.0,86.0,159.0,115.0,,,348.0,130.0,59.0,,,28.0,53.0,5.0,,,,,
2018,623,,,18.8%,19.9%,1.8%,40.9%,0.3%,14.6%,3.7%,22.3%,12.0%,,32.6%,15.2%,20.7%,12.8%,10.3%,6.3%,2.1%,,42.2%,13.8%,25.5%,18.5%,,,55.9%,20.9%,9.5%,,,4.5%,8.5%,0.8%,,,,,
2018,"1,465",,,402,261,10,587,8,137,60,208,341,,297,242,317,273,234,82,20,,349,208,434,474,,,475,433,98,,,100,147,212,,,,,
2018,"1,465",,,27.4%,17.8%,0.7%,40.1%,0.5%,9.4%,4.1%,14.2%,23.3%,,20.3%,16.5%,21.6%,18.6%,16.0%,5.6%,1.4%,,23.8%,14.2%,29.6%,32.4%,,,32.4%,29.6%,6.7%,,,6.8%,10.0%,14.5%,,,,,
2018,179.0,,,57.0,0.0,0.0,114.0,0.0,0.0,8.0,0.0,57.0,,24.0,50.0,27.0,51.0,27.0,0.0,0.0,,0.0,8.0,97.0,74.0,,,52.0,10.0,31.0,,,7.0,15.0,64.0,,,,,
2018,179,,,31.8%,0.0%,0.0%,63.7%,0.0%,0.0%,4.5%,0.0%,31.8%,,13.4%,27.9%,15.1%,28.5%,15.1%,0.0%,0.0%,,0.0%,4.5%,54.2%,41.3%,,,29.1%,5.6%,17.3%,,,3.9%,8.4%,35.8%,,,,,
2018,"1,286",,,345,261,10,473,8,137,52,208,284,,273,192,290,222,207,82,20,,349,200,337,400,,,423,423,67,,,93,132,148,,,,,
2018,"1,286",,,26.8%,20.3%,0.8%,36.8%,0.6%,10.7%,4.0%,16.2%,22.1%,,21.2%,14.9%,22.6%,17.3%,16.1%,6.4%,1.6%,,27.1%,15.6%,26.2%,31.1%,,,32.9%,32.9%,5.2%,,,7.2%,10.3%,11.5%,,,,,
2019,"2,414",,,"1,230",342,15,599,0,132,96,325,"1,080",,773,452,380,354,296,129,30,,72,296,492,"1,554",,,807,530,270,,,155,303,349,,,,,
2019,"2,414",,,51.0%,14.2%,0.6%,24.8%,0.0%,5.5%,4.0%,13.5%,44.7%,,32.0%,18.7%,15.7%,14.7%,12.3%,5.3%,1.2%,,3.0%,12.3%,20.4%,64.4%,,,33.4%,22.0%,11.2%,,,6.4%,12.6%,14.5%,,,,,
2019,730.0,,,321.0,6.0,15.0,342.0,0.0,0.0,46.0,46.0,303.0,,27.0,95.0,169.0,148.0,180.0,81.0,30.0,,49.0,170.0,104.0,407.0,,,119.0,138.0,176.0,,,0.0,69.0,228.0,,,,,
2019,730,,,44.0%,0.8%,2.1%,46.8%,0.0%,0.0%,6.3%,6.3%,41.5%,,3.7%,13.0%,23.2%,20.3%,24.7%,11.1%,4.1%,,6.7%,23.3%,14.2%,55.8%,,,16.3%,18.9%,24.1%,,,0.0%,9.5%,31.2%,,,,,
2019,"1,684",,,909,336,0,257,0,132,50,279,777,,746,357,211,206,116,48,0,,23,126,388,"1,147",,,688,392,94,,,155,234,121,,,,,
2019,"1,684",,,54.0%,20.0%,0.0%,15.3%,0.0%,7.8%,3.0%,16.6%,46.1%,,44.3%,21.2%,12.5%,12.2%,6.9%,2.9%,0.0%,,1.4%,7.5%,23.0%,68.1%,,,40.9%,23.3%,5.6%,,,9.2%,13.9%,7.2%,,,,,
2019,"1,572",,,907,243,0,186,13,107,116,208,856,,414,442,338,148,197,33,0,,57,36,328,"1,151",,,545,393,165,,,238,179,52,,,,,
2019,"1,572",,,57.7%,15.5%,0.0%,11.8%,0.8%,6.8%,7.4%,13.2%,54.5%,,26.3%,28.1%,21.5%,9.4%,12.5%,2.1%,0.0%,,3.6%,2.3%,20.9%,73.2%,,,34.7%,25.0%,10.5%,,,15.1%,11.4%,3.3%,,,,,
2019,171.0,,,100.0,11.0,0.0,40.0,5.0,0.0,15.0,0.0,100.0,,0.0,29.0,9.0,42.0,66.0,25.0,0.0,,23.0,12.0,44.0,92.0,,,39.0,21.0,59.0,,,0.0,9.0,43.0,,,,,
2019,171,,,58.5%,6.4%,0.0%,23.4%,2.9%,0.0%,8.8%,0.0%,58.5%,,0.0%,17.0%,5.3%,24.6%,38.6%,14.6%,0.0%,,13.5%,7.0%,25.7%,53.8%,,,22.8%,12.3%,34.5%,,,0.0%,5.3%,25.1%,,,,,
2019,"1,401",,,807,232,0,146,8,107,101,208,756,,414,413,329,106,131,8,0,,34,24,284,"1,059",,,506,372,106,,,238,170,9,,,,,
2019,"1,401",,,57.6%,16.6%,0.0%,10.4%,0.6%,7.6%,7.2%,14.8%,54.0%,,29.6%,29.5%,23.5%,7.6%,9.4%,0.6%,0.0%,,2.4%,1.7%,20.3%,75.6%,,,36.1%,26.6%,7.6%,,,17.0%,12.1%,0.6%,,,,,
2019,"1,377",,,572,233,8,490,0,25,49,106,502,,412,272,110,243,143,133,64,,305,80,287,705,,,452,304,81,,,195,290,55,,,,,
2019,"1,377",,,41.5%,16.9%,0.6%,35.6%,0.0%,1.8%,3.6%,7.7%,36.5%,,29.9%,19.8%,8.0%,17.6%,10.4%,9.7%,4.6%,,22.1%,5.8%,20.8%,51.2%,,,32.8%,22.1%,5.9%,,,14.2%,21.1%,4.0%,,,,,
2019,85.0,,,24.0,0.0,0.0,61.0,0.0,0.0,0.0,0.0,24.0,,0.0,0.0,7.0,24.0,16.0,33.0,5.0,,38.0,0.0,16.0,31.0,,,16.0,17.0,8.0,,,23.0,0.0,21.0,,,,,
2019,85,,,28.2%,0.0%,0.0%,71.8%,0.0%,0.0%,0.0%,0.0%,28.2%,,0.0%,0.0%,8.2%,28.2%,18.8%,38.8%,5.9%,,44.7%,0.0%,18.8%,36.5%,,,18.8%,20.0%,9.4%,,,27.1%,0.0%,24.7%,,,,,
2019,"1,292",,,548,233,8,429,0,25,49,106,478,,412,272,103,219,127,100,59,,267,80,271,674,,,436,287,73,,,172,290,34,,,,,
2019,"1,292",,,42.4%,18.0%,0.6%,33.2%,0.0%,1.9%,3.8%,8.2%,37.0%,,31.9%,21.1%,8.0%,17.0%,9.8%,7.7%,4.6%,,20.7%,6.2%,21.0%,52.2%,,,33.7%,22.2%,5.7%,,,13.3%,22.4%,2.6%,,,,,
2019,"1,657",,,441,314,0,539,0,245,118,276,388,,536,361,284,216,202,49,9,,212,238,602,605,,,727,232,167,,,138,283,110,,,,,
2019,"1,657",,,26.6%,18.9%,0.0%,32.5%,0.0%,14.8%,7.1%,16.7%,23.4%,,32.3%,21.8%,17.1%,13.0%,12.2%,3.0%,0.5%,,12.8%,14.4%,36.3%,36.5%,,,43.9%,14.0%,10.1%,,,8.3%,17.1%,6.6%,,,,,
2019,219.0,,,44.0,5.0,0.0,161.0,0.0,0.0,9.0,10.0,34.0,,9.0,32.0,59.0,40.0,52.0,18.0,9.0,,72.0,11.0,45.0,91.0,,,10.0,18.0,91.0,,,0.0,9.0,91.0,,,,,
2019,219,,,20.1%,2.3%,0.0%,73.5%,0.0%,0.0%,4.1%,4.6%,15.5%,,4.1%,14.6%,26.9%,18.3%,23.7%,8.2%,4.1%,,32.9%,5.0%,20.5%,41.6%,,,4.6%,8.2%,41.6%,,,0.0%,4.1%,41.6%,,,,,
2019,"1,438",,,397,309,0,378,0,245,109,266,354,,527,329,225,176,150,31,0,,140,227,557,514,,,717,214,76,,,138,274,19,,,,,
2019,"1,438",,,27.6%,21.5%,0.0%,26.3%,0.0%,17.0%,7.6%,18.5%,24.6%,,36.6%,22.9%,15.6%,12.2%,10.4%,2.2%,0.0%,,9.7%,15.8%,38.7%,35.7%,,,49.9%,14.9%,5.3%,,,9.6%,19.1%,1.3%,,,,,
2019,"1,180",,,271,365,45,302,18,116,63,194,237,,360,351,120,275,40,26,8,,218,192,341,429,,,522,192,92,,,69,252,53,,,,,
2019,"1,180",,,23.0%,30.9%,3.8%,25.6%,1.5%,9.8%,5.3%,16.4%,20.1%,,30.5%,29.7%,10.2%,23.3%,3.4%,2.2%,0.7%,,18.5%,16.3%,28.9%,36.4%,,,44.2%,16.3%,7.8%,,,5.8%,21.4%,4.5%,,,,,
2019,117.0,,,34.0,0.0,0.0,74.0,0.0,9.0,0.0,9.0,34.0,,9.0,42.0,9.0,49.0,0.0,0.0,8.0,,38.0,18.0,27.0,34.0,,,9.0,42.0,18.0,,,13.0,9.0,26.0,,,,,
2019,117,,,29.1%,0.0%,0.0%,63.2%,0.0%,7.7%,0.0%,7.7%,29.1%,,7.7%,35.9%,7.7%,41.9%,0.0%,0.0%,6.8%,,32.5%,15.4%,23.1%,29.1%,,,7.7%,35.9%,15.4%,,,11.1%,7.7%,22.2%,,,,,
2019,"1,063",,,237,365,45,228,18,107,63,185,203,,351,309,111,226,40,26,0,,180,174,314,395,,,513,150,74,,,56,243,27,,,,,
2019,"1,063",,,22.3%,34.3%,4.2%,21.4%,1.7%,10.1%,5.9%,17.4%,19.1%,,33.0%,29.1%,10.4%,21.3%,3.8%,2.4%,0.0%,,16.9%,16.4%,29.5%,37.2%,,,48.3%,14.1%,7.0%,,,5.3%,22.9%,2.5%,,,,,
2019,"1,572",,,555,419,7,463,15,30,83,140,480,,397,274,256,298,171,116,60,,198,167,452,755,,,350,394,206,,,124,313,185,,,,,
2019,"1,572",,,35.3%,26.7%,0.4%,29.5%,1.0%,1.9%,5.3%,8.9%,30.5%,,25.3%,17.4%,16.3%,19.0%,10.9%,7.4%,3.8%,,12.6%,10.6%,28.8%,48.0%,,,22.3%,25.1%,13.1%,,,7.9%,19.9%,11.8%,,,,,
2019,407.0,,,136.0,107.0,0.0,146.0,6.0,5.0,7.0,28.0,113.0,,29.0,45.0,77.0,103.0,62.0,57.0,34.0,,84.0,25.0,123.0,175.0,,,27.0,145.0,84.0,,,23.0,43.0,85.0,,,,,
2019,407,,,33.4%,26.3%,0.0%,35.9%,1.5%,1.2%,1.7%,6.9%,27.8%,,7.1%,11.1%,18.9%,25.3%,15.2%,14.0%,8.4%,,20.6%,6.1%,30.2%,43.0%,,,6.6%,35.6%,20.6%,,,5.7%,10.6%,20.9%,,,,,
2019,"1,165",,,419,312,7,317,9,25,76,112,367,,368,229,179,195,109,59,26,,114,142,329,580,,,323,249,122,,,101,270,100,,,,,
2019,"1,165",,,36.0%,26.8%,0.6%,27.2%,0.8%,2.1%,6.5%,9.6%,31.5%,,31.6%,19.7%,15.4%,16.7%,9.4%,5.1%,2.2%,,9.8%,12.2%,28.2%,49.8%,,,27.7%,21.4%,10.5%,,,8.7%,23.2%,8.6%,,,,,
2019,"1,386",,,636,305,39,247,0,76,83,268,464,,293,414,243,240,179,17,0,,190,190,180,826,,,519,342,172,,,24,214,115,,,,,
2019,"1,386",,,45.9%,22.0%,2.8%,17.8%,0.0%,5.5%,6.0%,19.3%,33.5%,,21.1%,29.9%,17.5%,17.3%,12.9%,1.2%,0.0%,,13.7%,13.7%,13.0%,59.6%,,,37.4%,24.7%,12.4%,,,1.7%,15.4%,8.3%,,,,,
2019,435.0,,,261.0,23.0,0.0,151.0,0.0,0.0,0.0,57.0,204.0,,64.0,101.0,116.0,67.0,70.0,17.0,0.0,,67.0,25.0,23.0,320.0,,,65.0,110.0,116.0,,,16.0,62.0,66.0,,,,,
2019,435,,,60.0%,5.3%,0.0%,34.7%,0.0%,0.0%,0.0%,13.1%,46.9%,,14.7%,23.2%,26.7%,15.4%,16.1%,3.9%,0.0%,,15.4%,5.7%,5.3%,73.6%,,,14.9%,25.3%,26.7%,,,3.7%,14.3%,15.2%,,,,,
2019,951.0,,,375.0,282.0,39.0,96.0,0.0,76.0,83.0,211.0,260.0,,229.0,313.0,127.0,173.0,109.0,0.0,0.0,,123.0,165.0,157.0,506.0,,,454.0,232.0,56.0,,,8.0,152.0,49.0,,,,,
2019,951,,,39.4%,29.7%,4.1%,10.1%,0.0%,8.0%,8.7%,22.2%,27.3%,,24.1%,32.9%,13.4%,18.2%,11.5%,0.0%,0.0%,,12.9%,17.4%,16.5%,53.2%,,,47.7%,24.4%,5.9%,,,0.8%,16.0%,5.2%,,,,,
2019,"1,368",,,293,451,14,413,0,118,79,149,239,,517,231,230,303,69,7,11,,178,225,461,504,,,374,449,90,,,165,204,86,,,,,
2019,"1,368",,,21.4%,33.0%,1.0%,30.2%,0.0%,8.6%,5.8%,10.9%,17.5%,,37.8%,16.9%,16.8%,22.1%,5.0%,0.5%,0.8%,,13.0%,16.4%,33.7%,36.8%,,,27.3%,32.8%,6.6%,,,12.1%,14.9%,6.3%,,,,,
2019,400.0,,,129.0,97.0,0.0,126.0,0.0,48.0,0.0,67.0,102.0,,63.0,56.0,147.0,90.0,37.0,7.0,0.0,,100.0,56.0,111.0,133.0,,,102.0,145.0,40.0,,,44.0,11.0,58.0,,,,,
2019,400,,,32.3%,24.3%,0.0%,31.5%,0.0%,12.0%,0.0%,16.8%,25.5%,,15.8%,14.0%,36.8%,22.5%,9.3%,1.8%,0.0%,,25.0%,14.0%,27.8%,33.3%,,,25.5%,36.3%,10.0%,,,11.0%,2.8%,14.5%,,,,,
2019,968.0,,,164.0,354.0,14.0,287.0,0.0,70.0,79.0,82.0,137.0,,454.0,175.0,83.0,213.0,32.0,0.0,11.0,,78.0,169.0,350.0,371.0,,,272.0,304.0,50.0,,,121.0,193.0,28.0,,,,,
2019,968,,,16.9%,36.6%,1.4%,29.6%,0.0%,7.2%,8.2%,8.5%,14.2%,,46.9%,18.1%,8.6%,22.0%,3.3%,0.0%,1.1%,,8.1%,17.5%,36.2%,38.3%,,,28.1%,31.4%,5.2%,,,12.5%,19.9%,2.9%,,,,,
2019,"1,338",,,275,372,19,525,25,79,43,178,204,,297,283,265,259,127,99,8,,345,350,401,242,,,442,346,139,,,101,171,139,,,,,
2019,"1,338",,,20.6%,27.8%,1.4%,39.2%,1.9%,5.9%,3.2%,13.3%,15.2%,,22.2%,21.2%,19.8%,19.4%,9.5%,7.4%,0.6%,,25.8%,26.2%,30.0%,18.1%,,,33.0%,25.9%,10.4%,,,7.5%,12.8%,10.4%,,,,,
2019,461.0,,,124.0,126.0,0.0,164.0,0.0,33.0,14.0,69.0,106.0,,81.0,48.0,78.0,118.0,90.0,38.0,8.0,,85.0,48.0,182.0,146.0,,,79.0,72.0,117.0,,,20.0,41.0,132.0,,,,,
2019,461,,,26.9%,27.3%,0.0%,35.6%,0.0%,7.2%,3.0%,15.0%,23.0%,,17.6%,10.4%,16.9%,25.6%,19.5%,8.2%,1.7%,,18.4%,10.4%,39.5%,31.7%,,,17.1%,15.6%,25.4%,,,4.3%,8.9%,28.6%,,,,,
2019,877.0,,,151.0,246.0,19.0,361.0,25.0,46.0,29.0,109.0,98.0,,216.0,235.0,187.0,141.0,37.0,61.0,0.0,,260.0,302.0,219.0,96.0,,,363.0,274.0,22.0,,,81.0,130.0,7.0,,,,,
2019,877,,,17.2%,28.1%,2.2%,41.2%,2.9%,5.2%,3.3%,12.4%,11.2%,,24.6%,26.8%,21.3%,16.1%,4.2%,7.0%,0.0%,,29.6%,34.4%,25.0%,10.9%,,,41.4%,31.2%,2.5%,,,9.2%,14.8%,0.8%,,,,,
2019,"1,100",,,162,191,19,394,9,286,39,427,47,,279,227,208,182,170,34,0,,436,285,295,84,,,313,322,124,,,113,106,122,,,,,
2019,"1,100",,,14.7%,17.4%,1.7%,35.8%,0.8%,26.0%,3.5%,38.8%,4.3%,,25.4%,20.6%,18.9%,16.5%,15.5%,3.1%,0.0%,,39.6%,25.9%,26.8%,7.6%,,,28.5%,29.3%,11.3%,,,10.3%,9.6%,11.1%,,,,,
2019,328.0,,,13.0,82.0,6.0,183.0,0.0,44.0,0.0,57.0,0.0,,45.0,50.0,32.0,96.0,78.0,27.0,0.0,,122.0,108.0,66.0,32.0,,,32.0,92.0,42.0,,,44.0,13.0,105.0,,,,,
2019,328,,,4.0%,25.0%,1.8%,55.8%,0.0%,13.4%,0.0%,17.4%,0.0%,,13.7%,15.2%,9.8%,29.3%,23.8%,8.2%,0.0%,,37.2%,32.9%,20.1%,9.8%,,,9.8%,28.0%,12.8%,,,13.4%,4.0%,32.0%,,,,,
2019,772.0,,,149.0,109.0,13.0,211.0,9.0,242.0,39.0,370.0,47.0,,234.0,177.0,176.0,86.0,92.0,7.0,0.0,,314.0,177.0,229.0,52.0,,,281.0,230.0,82.0,,,69.0,93.0,17.0,,,,,
2019,772,,,19.3%,14.1%,1.7%,27.3%,1.2%,31.3%,5.1%,47.9%,6.1%,,30.3%,22.9%,22.8%,11.1%,11.9%,0.9%,0.0%,,40.7%,22.9%,29.7%,6.7%,,,36.4%,29.8%,10.6%,,,8.9%,12.0%,2.2%,,,,,
2019,925.0,,,139.0,183.0,6.0,430.0,0.0,137.0,30.0,200.0,91.0,,225.0,149.0,165.0,160.0,117.0,77.0,32.0,,338.0,156.0,216.0,215.0,,,335.0,196.0,132.0,,,82.0,111.0,69.0,,,,,
2019,925,,,15.0%,19.8%,0.6%,46.5%,0.0%,14.8%,3.2%,21.6%,9.8%,,24.3%,16.1%,17.8%,17.3%,12.6%,8.3%,3.5%,,36.5%,16.9%,23.4%,23.2%,,,36.2%,21.2%,14.3%,,,8.9%,12.0%,7.5%,,,,,
2019,295.0,,,61.0,44.0,0.0,163.0,0.0,23.0,4.0,39.0,45.0,,25.0,44.0,68.0,59.0,56.0,24.0,19.0,,80.0,60.0,64.0,91.0,,,35.0,79.0,63.0,,,11.0,38.0,69.0,,,,,
2019,295,,,20.7%,14.9%,0.0%,55.3%,0.0%,7.8%,1.4%,13.2%,15.3%,,8.5%,14.9%,23.1%,20.0%,19.0%,8.1%,6.4%,,27.1%,20.3%,21.7%,30.8%,,,11.9%,26.8%,21.4%,,,3.7%,12.9%,23.4%,,,,,
2019,630.0,,,78.0,139.0,6.0,267.0,0.0,114.0,26.0,161.0,46.0,,200.0,105.0,97.0,101.0,61.0,53.0,13.0,,258.0,96.0,152.0,124.0,,,300.0,117.0,69.0,,,71.0,73.0,0.0,,,,,
2019,630,,,12.4%,22.1%,1.0%,42.4%,0.0%,18.1%,4.1%,25.6%,7.3%,,31.7%,16.7%,15.4%,16.0%,9.7%,8.4%,2.1%,,41.0%,15.2%,24.1%,19.7%,,,47.6%,18.6%,11.0%,,,11.3%,11.6%,0.0%,,,,,
2019,"1,551",,,523,271,6,567,3,132,49,291,370,,333,221,393,256,198,98,52,,347,270,427,507,,,469,329,129,,,202,146,276,,,,,
2019,"1,551",,,33.7%,17.5%,0.4%,36.6%,0.2%,8.5%,3.2%,18.8%,23.9%,,21.5%,14.2%,25.3%,16.5%,12.8%,6.3%,3.4%,,22.4%,17.4%,27.5%,32.7%,,,30.2%,21.2%,8.3%,,,13.0%,9.4%,17.8%,,,,,
2019,236.0,,,66.0,0.0,0.0,162.0,0.0,0.0,8.0,0.0,66.0,,38.0,32.0,77.0,40.0,49.0,0.0,0.0,,21.0,34.0,102.0,79.0,,,50.0,28.0,54.0,,,28.0,15.0,61.0,,,,,
2019,236,,,28.0%,0.0%,0.0%,68.6%,0.0%,0.0%,3.4%,0.0%,28.0%,,16.1%,13.6%,32.6%,16.9%,20.8%,0.0%,0.0%,,8.9%,14.4%,43.2%,33.5%,,,21.2%,11.9%,22.9%,,,11.9%,6.4%,25.8%,,,,,
2019,"1,315",,,457,271,6,405,3,132,41,291,304,,295,189,316,216,149,98,52,,326,236,325,428,,,419,301,75,,,174,131,215,,,,,
2019,"1,315",,,34.8%,20.6%,0.5%,30.8%,0.2%,10.0%,3.1%,22.1%,23.1%,,22.4%,14.4%,24.0%,16.4%,11.3%,7.5%,4.0%,,24.8%,17.9%,24.7%,32.5%,,,31.9%,22.9%,5.7%,,,13.2%,10.0%,16.3%,,,,,
2020,"2,215",,,"1,198",259,0,543,0,130,85,317,"1,053",,661,455,380,250,271,174,24,,59,307,408,"1,441",,,638,398,296,,,,,291,59,533,,,
2020,"2,215",,,54.1%,11.7%,0.0%,24.5%,0.0%,5.9%,3.8%,14.3%,47.5%,,29.8%,20.5%,17.2%,11.3%,12.2%,7.9%,1.1%,,2.7%,13.9%,18.4%,65.1%,,,28.8%,18.0%,13.4%,,,,,13.1%,2.7%,24.1%,,,
2020,672.0,,,335.0,2.0,0.0,295.0,0.0,0.0,40.0,41.0,320.0,,42.0,78.0,181.0,119.0,163.0,65.0,24.0,,34.0,177.0,106.0,355.0,,,123.0,128.0,163.0,,,,,186.0,5.0,67.0,,,
2020,672,,,49.9%,0.3%,0.0%,43.9%,0.0%,0.0%,6.0%,6.1%,47.6%,,6.3%,11.6%,26.9%,17.7%,24.3%,9.7%,3.6%,,5.1%,26.3%,15.8%,52.8%,,,18.3%,19.0%,24.3%,,,,,27.7%,0.7%,10.0%,,,
2020,"1,543",,,863,257,0,248,0,130,45,276,733,,619,377,199,131,108,109,0,,25,130,302,"1,086",,,515,270,133,,,,,105,54,466,,,
2020,"1,543",,,55.9%,16.7%,0.0%,16.1%,0.0%,8.4%,2.9%,17.9%,47.5%,,40.1%,24.4%,12.9%,8.5%,7.0%,7.1%,0.0%,,1.6%,8.4%,19.6%,70.4%,,,33.4%,17.5%,8.6%,,,,,6.8%,3.5%,30.2%,,,
2020,"1,520",,,903,215,0,194,8,80,120,234,850,,488,449,278,105,169,31,0,,129,17,281,"1,093",,,398,280,158,,,,,113,140,431,,,
2020,"1,520",,,59.4%,14.1%,0.0%,12.8%,0.5%,5.3%,7.9%,15.4%,55.9%,,32.1%,29.5%,18.3%,6.9%,11.1%,2.0%,0.0%,,8.5%,1.1%,18.5%,71.9%,,,26.2%,18.4%,10.4%,,,,,7.4%,9.2%,28.4%,,,
2020,113.0,,,62.0,9.0,0.0,42.0,0.0,0.0,0.0,0.0,62.0,,0.0,10.0,7.0,16.0,58.0,22.0,0.0,,27.0,7.0,23.0,56.0,,,18.0,0.0,50.0,,,,,38.0,0.0,7.0,,,
2020,113,,,54.9%,8.0%,0.0%,37.2%,0.0%,0.0%,0.0%,0.0%,54.9%,,0.0%,8.8%,6.2%,14.2%,51.3%,19.5%,0.0%,,23.9%,6.2%,20.4%,49.6%,,,15.9%,0.0%,44.2%,,,,,33.6%,0.0%,6.2%,,,
2020,"1,407",,,841,206,0,152,8,80,120,234,788,,488,439,271,89,111,9,0,,102,10,258,"1,037",,,380,280,108,,,,,75,140,424,,,
2020,"1,407",,,59.8%,14.6%,0.0%,10.8%,0.6%,5.7%,8.5%,16.6%,56.0%,,34.7%,31.2%,19.3%,6.3%,7.9%,0.6%,0.0%,,7.2%,0.7%,18.3%,73.7%,,,27.0%,19.9%,7.7%,,,,,5.3%,10.0%,30.1%,,,
2020,"1,314",,,546,250,0,446,0,14,58,88,508,,475,217,80,190,138,135,79,,246,54,220,794,,,278,292,87,,,,,38,56,563,,,
2020,"1,314",,,41.6%,19.0%,0.0%,33.9%,0.0%,1.1%,4.4%,6.7%,38.7%,,36.1%,16.5%,6.1%,14.5%,10.5%,10.3%,6.0%,,18.7%,4.1%,16.7%,60.4%,,,21.2%,22.2%,6.6%,,,,,2.9%,4.3%,42.8%,,,
2020,75.0,,,22.0,0.0,0.0,53.0,0.0,0.0,0.0,0.0,22.0,,0.0,0.0,5.0,20.0,22.0,28.0,0.0,,36.0,0.0,14.0,25.0,,,14.0,18.0,13.0,,,,,10.0,0.0,20.0,,,
2020,75,,,29.3%,0.0%,0.0%,70.7%,0.0%,0.0%,0.0%,0.0%,29.3%,,0.0%,0.0%,6.7%,26.7%,29.3%,37.3%,0.0%,,48.0%,0.0%,18.7%,33.3%,,,18.7%,24.0%,17.3%,,,,,13.3%,0.0%,26.7%,,,
2020,"1,239",,,524,250,0,393,0,14,58,88,486,,475,217,75,170,116,107,79,,210,54,206,769,,,264,274,74,,,,,28,56,543,,,
2020,"1,239",,,42.3%,20.2%,0.0%,31.7%,0.0%,1.1%,4.7%,7.1%,39.2%,,38.3%,17.5%,6.1%,13.7%,9.4%,8.6%,6.4%,,16.9%,4.4%,16.6%,62.1%,,,21.3%,22.1%,6.0%,,,,,2.3%,4.5%,43.8%,,,
2020,"1,612",,,538,239,0,491,0,253,91,273,511,,518,389,173,214,268,50,0,,207,195,491,719,,,626,293,120,,,,,81,73,419,,,
2020,"1,612",,,33.4%,14.8%,0.0%,30.5%,0.0%,15.7%,5.6%,16.9%,31.7%,,32.1%,24.1%,10.7%,13.3%,16.6%,3.1%,0.0%,,12.8%,12.1%,30.5%,44.6%,,,38.8%,18.2%,7.4%,,,,,5.0%,4.5%,26.0%,,,
2020,171.0,,,23.0,3.0,0.0,145.0,0.0,0.0,0.0,0.0,23.0,,0.0,35.0,25.0,42.0,52.0,17.0,0.0,,45.0,11.0,33.0,82.0,,,0.0,29.0,70.0,,,,,60.0,0.0,12.0,,,
2020,171,,,13.5%,1.8%,0.0%,84.8%,0.0%,0.0%,0.0%,0.0%,13.5%,,0.0%,20.5%,14.6%,24.6%,30.4%,9.9%,0.0%,,26.3%,6.4%,19.3%,48.0%,,,0.0%,17.0%,40.9%,,,,,35.1%,0.0%,7.0%,,,
2020,"1,441",,,515,236,0,346,0,253,91,273,488,,518,354,148,172,216,33,0,,162,184,458,637,,,626,264,50,,,,,21,73,407,,,
2020,"1,441",,,35.7%,16.4%,0.0%,24.0%,0.0%,17.6%,6.3%,18.9%,33.9%,,35.9%,24.6%,10.3%,11.9%,15.0%,2.3%,0.0%,,11.2%,12.8%,31.8%,44.2%,,,43.4%,18.3%,3.5%,,,,,1.5%,5.1%,28.2%,,,
2020,"1,154",,,228,347,29,342,20,145,43,205,186,,326,270,150,271,35,102,0,,216,262,356,320,,,408,151,165,,,,,51,28,351,,,
2020,"1,154",,,19.8%,30.1%,2.5%,29.6%,1.7%,12.6%,3.7%,17.8%,16.1%,,28.2%,23.4%,13.0%,23.5%,3.0%,8.8%,0.0%,,18.7%,22.7%,30.8%,27.7%,,,35.4%,13.1%,14.3%,,,,,4.4%,2.4%,30.4%,,,
2020,101.0,,,33.0,0.0,0.0,59.0,0.0,9.0,0.0,9.0,33.0,,9.0,40.0,10.0,42.0,0.0,0.0,0.0,,19.0,18.0,31.0,33.0,,,9.0,27.0,21.0,,,,,19.0,0.0,25.0,,,
2020,101,,,32.7%,0.0%,0.0%,58.4%,0.0%,8.9%,0.0%,8.9%,32.7%,,8.9%,39.6%,9.9%,41.6%,0.0%,0.0%,0.0%,,18.8%,17.8%,30.7%,32.7%,,,8.9%,26.7%,20.8%,,,,,18.8%,0.0%,24.8%,,,
2020,"1,053",,,195,347,29,283,20,136,43,196,153,,317,230,140,229,35,102,0,,197,244,325,287,,,399,124,144,,,,,32,28,326,,,
2020,"1,053",,,18.5%,33.0%,2.8%,26.9%,1.9%,12.9%,4.1%,18.6%,14.5%,,30.1%,21.8%,13.3%,21.7%,3.3%,9.7%,0.0%,,18.7%,23.2%,30.9%,27.3%,,,37.9%,11.8%,13.7%,,,,,3.0%,2.7%,31.0%,,,
2020,"1,499",,,500,415,0,388,12,101,83,164,447,,460,270,221,273,131,95,49,,166,142,438,753,,,330,387,166,,,,,143,15,458,,,
2020,"1,499",,,33.4%,27.7%,0.0%,25.9%,0.8%,6.7%,5.5%,10.9%,29.8%,,30.7%,18.0%,14.7%,18.2%,8.7%,6.3%,3.3%,,11.1%,9.5%,29.2%,50.2%,,,22.0%,25.8%,11.1%,,,,,9.5%,1.0%,30.6%,,,
2020,366.0,,,111.0,97.0,0.0,121.0,5.0,27.0,5.0,44.0,94.0,,30.0,29.0,82.0,100.0,44.0,54.0,27.0,,62.0,20.0,148.0,136.0,,,18.0,144.0,81.0,,,,,62.0,9.0,52.0,,,
2020,366,,,30.3%,26.5%,0.0%,33.1%,1.4%,7.4%,1.4%,12.0%,25.7%,,8.2%,7.9%,22.4%,27.3%,12.0%,14.8%,7.4%,,16.9%,5.5%,40.4%,37.2%,,,4.9%,39.3%,22.1%,,,,,16.9%,2.5%,14.2%,,,
2020,"1,133",,,389,318,0,267,7,74,78,120,353,,430,241,139,173,87,41,22,,104,122,290,617,,,312,243,85,,,,,81,6,406,,,
2020,"1,133",,,34.3%,28.1%,0.0%,23.6%,0.6%,6.5%,6.9%,10.6%,31.2%,,38.0%,21.3%,12.3%,15.3%,7.7%,3.6%,1.9%,,9.2%,10.8%,25.6%,54.5%,,,27.5%,21.4%,7.5%,,,,,7.1%,0.5%,35.8%,,,
2020,"1,388",,,539,343,45,262,0,86,113,239,413,,220,459,286,246,168,9,0,,160,178,184,866,,,621,262,140,,,,,88,48,229,,,
2020,"1,388",,,38.8%,24.7%,3.2%,18.9%,0.0%,6.2%,8.1%,17.2%,29.8%,,15.9%,33.1%,20.6%,17.7%,12.1%,0.6%,0.0%,,11.5%,12.8%,13.3%,62.4%,,,44.7%,18.9%,10.1%,,,,,6.3%,3.5%,16.5%,,,
2020,387.0,,,200.0,10.0,0.0,177.0,0.0,0.0,0.0,43.0,157.0,,28.0,56.0,125.0,101.0,68.0,9.0,0.0,,58.0,28.0,50.0,251.0,,,102.0,66.0,91.0,,,,,49.0,8.0,71.0,,,
2020,387,,,51.7%,2.6%,0.0%,45.7%,0.0%,0.0%,0.0%,11.1%,40.6%,,7.2%,14.5%,32.3%,26.1%,17.6%,2.3%,0.0%,,15.0%,7.2%,12.9%,64.9%,,,26.4%,17.1%,23.5%,,,,,12.7%,2.1%,18.3%,,,
2020,"1,001",,,339,333,45,85,0,86,113,196,256,,192,403,161,145,100,0,0,,102,150,134,615,,,519,196,49,,,,,39,40,158,,,
2020,"1,001",,,33.9%,33.3%,4.5%,8.5%,0.0%,8.6%,11.3%,19.6%,25.6%,,19.2%,40.3%,16.1%,14.5%,10.0%,0.0%,0.0%,,10.2%,15.0%,13.4%,61.4%,,,51.8%,19.6%,4.9%,,,,,3.9%,4.0%,15.8%,,,
2020,"1,470",,,313,683,8,302,0,90,74,124,245,,461,228,194,504,56,15,12,,163,200,641,466,,,279,365,117,,,,,85,44,580,,,
2020,"1,470",,,21.3%,46.5%,0.5%,20.5%,0.0%,6.1%,5.0%,8.4%,16.7%,,31.4%,15.5%,13.2%,34.3%,3.8%,1.0%,0.8%,,11.1%,13.6%,43.6%,31.7%,,,19.0%,24.8%,8.0%,,,,,5.8%,3.0%,39.5%,,,
2020,376.0,,,165.0,91.0,0.0,76.0,0.0,44.0,0.0,71.0,123.0,,52.0,82.0,66.0,132.0,29.0,15.0,0.0,,88.0,41.0,97.0,150.0,,,56.0,85.0,44.0,,,,,56.0,15.0,120.0,,,
2020,376,,,43.9%,24.2%,0.0%,20.2%,0.0%,11.7%,0.0%,18.9%,32.7%,,13.8%,21.8%,17.6%,35.1%,7.7%,4.0%,0.0%,,23.4%,10.9%,25.8%,39.9%,,,14.9%,22.6%,11.7%,,,,,14.9%,4.0%,31.9%,,,
2020,"1,094",,,148,592,8,226,0,46,74,53,122,,409,146,128,372,27,0,12,,75,159,544,316,,,223,280,73,,,,,29,29,460,,,
2020,"1,094",,,13.5%,54.1%,0.7%,20.7%,0.0%,4.2%,6.8%,4.8%,11.2%,,37.4%,13.3%,11.7%,34.0%,2.5%,0.0%,1.1%,,6.9%,14.5%,49.7%,28.9%,,,20.4%,25.6%,6.7%,,,,,2.7%,2.7%,42.0%,,,
2020,"1,287",,,240,311,13,516,0,108,99,189,184,,291,308,235,236,123,86,8,,297,343,343,304,,,380,274,89,,,,,107,68,369,,,
2020,"1,287",,,18.6%,24.2%,1.0%,40.1%,0.0%,8.4%,7.7%,14.7%,14.3%,,22.6%,23.9%,18.3%,18.3%,9.6%,6.7%,0.6%,,23.1%,26.7%,26.7%,23.6%,,,29.5%,21.3%,6.9%,,,,,8.3%,5.3%,28.7%,,,
2020,420.0,,,114.0,98.0,0.0,152.0,0.0,20.0,36.0,59.0,95.0,,47.0,103.0,53.0,96.0,90.0,23.0,8.0,,62.0,62.0,148.0,148.0,,,68.0,73.0,70.0,,,,,107.0,24.0,78.0,,,
2020,420,,,27.1%,23.3%,0.0%,36.2%,0.0%,4.8%,8.6%,14.0%,22.6%,,11.2%,24.5%,12.6%,22.9%,21.4%,5.5%,1.9%,,14.8%,14.8%,35.2%,35.2%,,,16.2%,17.4%,16.7%,,,,,25.5%,5.7%,18.6%,,,
2020,867.0,,,126.0,213.0,13.0,364.0,0.0,88.0,63.0,130.0,89.0,,244.0,205.0,182.0,140.0,33.0,63.0,0.0,,235.0,281.0,195.0,156.0,,,312.0,201.0,19.0,,,,,0.0,44.0,291.0,,,
2020,867,,,14.5%,24.6%,1.5%,42.0%,0.0%,10.1%,7.3%,15.0%,10.3%,,28.1%,23.6%,21.0%,16.1%,3.8%,7.3%,0.0%,,27.1%,32.4%,22.5%,18.0%,,,36.0%,23.2%,2.2%,,,,,0.0%,5.1%,33.6%,,,
2020,"1,074",,,137,159,0,374,8,281,115,487,25,,320,217,237,122,134,44,0,,375,325,239,135,,,249,279,110,,,,,110,41,285,,,
2020,"1,074",,,12.8%,14.8%,0.0%,34.8%,0.7%,26.2%,10.7%,45.3%,2.3%,,29.8%,20.2%,22.1%,11.4%,12.5%,4.1%,0.0%,,34.9%,30.3%,22.3%,12.6%,,,23.2%,26.0%,10.2%,,,,,10.2%,3.8%,26.5%,,,
2020,272.0,,,19.0,71.0,0.0,138.0,0.0,44.0,0.0,50.0,13.0,,58.0,35.0,28.0,58.0,59.0,34.0,0.0,,71.0,94.0,66.0,41.0,,,31.0,64.0,21.0,,,,,94.0,0.0,62.0,,,
2020,272,,,7.0%,26.1%,0.0%,50.7%,0.0%,16.2%,0.0%,18.4%,4.8%,,21.3%,12.9%,10.3%,21.3%,21.7%,12.5%,0.0%,,26.1%,34.6%,24.3%,15.1%,,,11.4%,23.5%,7.7%,,,,,34.6%,0.0%,22.8%,,,
2020,802.0,,,118.0,88.0,0.0,236.0,8.0,237.0,115.0,437.0,12.0,,262.0,182.0,209.0,64.0,75.0,10.0,0.0,,304.0,231.0,173.0,94.0,,,218.0,215.0,89.0,,,,,16.0,41.0,223.0,,,
2020,802,,,14.7%,11.0%,0.0%,29.4%,1.0%,29.6%,14.3%,54.5%,1.5%,,32.7%,22.7%,26.1%,8.0%,9.4%,1.2%,0.0%,,37.9%,28.8%,21.6%,11.7%,,,27.2%,26.8%,11.1%,,,,,2.0%,5.1%,27.8%,,,
2020,950.0,,,157.0,158.0,7.0,425.0,0.0,157.0,46.0,198.0,135.0,,281.0,209.0,123.0,162.0,110.0,56.0,9.0,,274.0,157.0,205.0,314.0,,,308.0,176.0,98.0,,,,,56.0,44.0,268.0,,,
2020,950,,,16.5%,16.6%,0.7%,44.7%,0.0%,16.5%,4.8%,20.8%,14.2%,,29.6%,22.0%,12.9%,17.1%,11.6%,5.9%,0.9%,,28.8%,16.5%,21.6%,33.1%,,,32.4%,18.5%,10.3%,,,,,5.9%,4.6%,28.2%,,,
2020,308.0,,,101.0,40.0,0.0,144.0,0.0,18.0,5.0,32.0,87.0,,77.0,36.0,57.0,53.0,56.0,20.0,9.0,,61.0,44.0,62.0,141.0,,,41.0,62.0,49.0,,,,,56.0,0.0,100.0,,,
2020,308,,,32.8%,13.0%,0.0%,46.8%,0.0%,5.8%,1.6%,10.4%,28.2%,,25.0%,11.7%,18.5%,17.2%,18.2%,6.5%,2.9%,,19.8%,14.3%,20.1%,45.8%,,,13.3%,20.1%,15.9%,,,,,18.2%,0.0%,32.5%,,,
2020,642.0,,,56.0,118.0,7.0,281.0,0.0,139.0,41.0,166.0,48.0,,204.0,173.0,66.0,109.0,54.0,36.0,0.0,,213.0,113.0,143.0,173.0,,,267.0,114.0,49.0,,,,,0.0,44.0,168.0,,,
2020,642,,,8.7%,18.4%,1.1%,43.8%,0.0%,21.7%,6.4%,25.9%,7.5%,,31.8%,26.9%,10.3%,17.0%,8.4%,5.6%,0.0%,,33.2%,17.6%,22.3%,26.9%,,,41.6%,17.8%,7.6%,,,,,0.0%,6.9%,26.2%,,,
2020,"1,627",,,521,336,6,529,7,162,66,317,394,,376,209,342,281,191,82,146,,355,249,427,596,,,442,335,154,,,,,276,23,397,,,
2020,"1,627",,,32.0%,20.7%,0.4%,32.5%,0.4%,10.0%,4.1%,19.5%,24.2%,,23.1%,12.8%,21.0%,17.3%,11.7%,5.0%,9.0%,,21.8%,15.3%,26.2%,36.6%,,,27.2%,20.6%,9.5%,,,,,17.0%,1.4%,24.4%,,,
2020,304.0,,,74.0,0.0,0.0,222.0,0.0,0.0,8.0,0.0,74.0,,32.0,36.0,82.0,45.0,42.0,0.0,67.0,,28.0,30.0,159.0,87.0,,,45.0,37.0,48.0,,,,,101.0,0.0,73.0,,,
2020,304,,,24.3%,0.0%,0.0%,73.0%,0.0%,0.0%,2.6%,0.0%,24.3%,,10.5%,11.8%,27.0%,14.8%,13.8%,0.0%,22.0%,,9.2%,9.9%,52.3%,28.6%,,,14.8%,12.2%,15.8%,,,,,33.2%,0.0%,24.0%,,,
2020,"1,323",,,447,336,6,307,7,162,58,317,320,,344,173,260,236,149,82,79,,327,219,268,509,,,397,298,106,,,,,175,23,324,,,
2020,"1,323",,,33.8%,25.4%,0.5%,23.2%,0.5%,12.2%,4.4%,24.0%,24.2%,,26.0%,13.1%,19.7%,17.8%,11.3%,6.2%,6.0%,,24.7%,16.6%,20.3%,38.5%,,,30.0%,22.5%,8.0%,,,,,13.2%,1.7%,24.5%,,,
2021,"2,266",,,"1,091",375,0,527,0,143,130,223,"1,036",,672,414,336,277,371,178,18,,60,279,431,"1,496",,,518,391,273,,,,,302,147,635,,,
2021,"2,266",,,48.1%,16.5%,0.0%,23.3%,0.0%,6.3%,5.7%,9.8%,45.7%,,29.7%,18.3%,14.8%,12.2%,16.4%,7.9%,0.8%,,2.6%,12.3%,19.0%,66.0%,,,22.9%,17.3%,12.0%,,,,,13.3%,6.5%,28.0%,,,
2021,621.0,,,323.0,27.0,0.0,220.0,0.0,15.0,36.0,38.0,309.0,,57.0,38.0,133.0,87.0,225.0,63.0,18.0,,35.0,141.0,139.0,306.0,,,94.0,128.0,135.0,,,,,158.0,14.0,92.0,,,
2021,621,,,52.0%,4.3%,0.0%,35.4%,0.0%,2.4%,5.8%,6.1%,49.8%,,9.2%,6.1%,21.4%,14.0%,36.2%,10.1%,2.9%,,5.6%,22.7%,22.4%,49.3%,,,15.1%,20.6%,21.7%,,,,,25.4%,2.3%,14.8%,,,
2021,"1,645",,,768,348,0,307,0,128,94,185,727,,615,376,203,190,146,115,0,,25,138,292,"1,190",,,424,263,138,,,,,144,133,543,,,
2021,"1,645",,,46.7%,21.2%,0.0%,18.7%,0.0%,7.8%,5.7%,11.2%,44.2%,,37.4%,22.9%,12.3%,11.6%,8.9%,7.0%,0.0%,,1.5%,8.4%,17.8%,72.3%,,,25.8%,16.0%,8.4%,,,,,8.8%,8.1%,33.0%,,,
2021,"1,556",,,828,262,0,226,6,94,140,235,793,,429,555,259,115,179,19,0,,101,19,286,"1,150",,,412,269,145,,,,,99,213,418,,,
2021,"1,556",,,53.2%,16.8%,0.0%,14.5%,0.4%,6.0%,9.0%,15.1%,51.0%,,27.6%,35.7%,16.6%,7.4%,11.5%,1.2%,0.0%,,6.5%,1.2%,18.4%,73.9%,,,26.5%,17.3%,9.3%,,,,,6.4%,13.7%,26.9%,,,
2021,117.0,,,67.0,9.0,0.0,41.0,0.0,0.0,0.0,0.0,67.0,,0.0,28.0,0.0,15.0,55.0,19.0,0.0,,23.0,0.0,24.0,70.0,,,43.0,0.0,49.0,,,,,25.0,0.0,0.0,,,
2021,117,,,57.3%,7.7%,0.0%,35.0%,0.0%,0.0%,0.0%,0.0%,57.3%,,0.0%,23.9%,0.0%,12.8%,47.0%,16.2%,0.0%,,19.7%,0.0%,20.5%,59.8%,,,36.8%,0.0%,41.9%,,,,,21.4%,0.0%,0.0%,,,
2021,"1,439",,,761,253,0,185,6,94,140,235,726,,429,527,259,100,124,0,0,,78,19,262,"1,080",,,369,269,96,,,,,74,213,418,,,
2021,"1,439",,,52.9%,17.6%,0.0%,12.9%,0.4%,6.5%,9.7%,16.3%,50.5%,,29.8%,36.6%,18.0%,6.9%,8.6%,0.0%,0.0%,,5.4%,1.3%,18.2%,75.1%,,,25.6%,18.7%,6.7%,,,,,5.1%,14.8%,29.0%,,,
2021,"1,453",,,550,390,12,431,0,24,46,80,512,,550,212,118,199,201,111,62,,199,82,274,898,,,322,245,84,,,,,43,211,548,,,
2021,"1,453",,,37.9%,26.8%,0.8%,29.7%,0.0%,1.7%,3.2%,5.5%,35.2%,,37.9%,14.6%,8.1%,13.7%,13.8%,7.6%,4.3%,,13.7%,5.6%,18.9%,61.8%,,,22.2%,16.9%,5.8%,,,,,3.0%,14.5%,37.7%,,,
2021,102.0,,,29.0,0.0,0.0,73.0,0.0,0.0,0.0,0.0,29.0,,0.0,0.0,28.0,33.0,23.0,18.0,0.0,,26.0,0.0,35.0,41.0,,,15.0,20.0,19.0,,,,,18.0,0.0,30.0,,,
2021,102,,,28.4%,0.0%,0.0%,71.6%,0.0%,0.0%,0.0%,0.0%,28.4%,,0.0%,0.0%,27.5%,32.4%,22.5%,17.6%,0.0%,,25.5%,0.0%,34.3%,40.2%,,,14.7%,19.6%,18.6%,,,,,17.6%,0.0%,29.4%,,,
2021,"1,351",,,521,390,12,358,0,24,46,80,483,,550,212,90,166,178,93,62,,173,82,239,857,,,307,225,65,,,,,25,211,518,,,
2021,"1,351",,,38.6%,28.9%,0.9%,26.5%,0.0%,1.8%,3.4%,5.9%,35.8%,,40.7%,15.7%,6.7%,12.3%,13.2%,6.9%,4.6%,,12.8%,6.1%,17.7%,63.4%,,,22.7%,16.7%,4.8%,,,,,1.9%,15.6%,38.3%,,,
2021,"1,617",,,566,230,0,490,0,249,82,279,534,,440,412,248,193,294,19,11,,179,136,555,747,,,598,309,87,,,,,69,145,409,,,
2021,"1,617",,,35.0%,14.2%,0.0%,30.3%,0.0%,15.4%,5.1%,17.3%,33.0%,,27.2%,25.5%,15.3%,11.9%,18.2%,1.2%,0.7%,,11.1%,8.4%,34.3%,46.2%,,,37.0%,19.1%,5.4%,,,,,4.3%,9.0%,25.3%,,,
2021,171.0,,,39.0,24.0,0.0,108.0,0.0,0.0,0.0,0.0,39.0,,0.0,21.0,28.0,46.0,65.0,0.0,11.0,,0.0,11.0,46.0,114.0,,,0.0,60.0,30.0,,,,,60.0,11.0,10.0,,,
2021,171,,,22.8%,14.0%,0.0%,63.2%,0.0%,0.0%,0.0%,0.0%,22.8%,,0.0%,12.3%,16.4%,26.9%,38.0%,0.0%,6.4%,,0.0%,6.4%,26.9%,66.7%,,,0.0%,35.1%,17.5%,,,,,35.1%,6.4%,5.8%,,,
2021,"1,446",,,527,206,0,382,0,249,82,279,495,,440,391,220,147,229,19,0,,179,125,509,633,,,598,249,57,,,,,9,134,399,,,
2021,"1,446",,,36.4%,14.2%,0.0%,26.4%,0.0%,17.2%,5.7%,19.3%,34.2%,,30.4%,27.0%,15.2%,10.2%,15.8%,1.3%,0.0%,,12.4%,8.6%,35.2%,43.8%,,,41.4%,17.2%,3.9%,,,,,0.6%,9.3%,27.6%,,,
2021,"1,191",,,238,302,28,384,0,189,50,243,190,,418,249,124,229,41,105,25,,170,290,288,443,,,345,182,113,,,,,83,105,363,,,
2021,"1,191",,,20.0%,25.4%,2.4%,32.2%,0.0%,15.9%,4.2%,20.4%,16.0%,,35.1%,20.9%,10.4%,19.2%,3.4%,8.8%,2.1%,,14.3%,24.3%,24.2%,37.2%,,,29.0%,15.3%,9.5%,,,,,7.0%,8.8%,30.5%,,,
2021,97.0,,,13.0,0.0,0.0,71.0,0.0,13.0,0.0,13.0,13.0,,21.0,26.0,7.0,18.0,0.0,0.0,25.0,,18.0,21.0,32.0,26.0,,,8.0,18.0,13.0,,,,,45.0,0.0,13.0,,,
2021,97,,,13.4%,0.0%,0.0%,73.2%,0.0%,13.4%,0.0%,13.4%,13.4%,,21.6%,26.8%,7.2%,18.6%,0.0%,0.0%,25.8%,,18.6%,21.6%,33.0%,26.8%,,,8.2%,18.6%,13.4%,,,,,46.4%,0.0%,13.4%,,,
2021,"1,094",,,225,302,28,313,0,176,50,230,177,,397,223,117,211,41,105,0,,152,269,256,417,,,337,164,100,,,,,38,105,350,,,
2021,"1,094",,,20.6%,27.6%,2.6%,28.6%,0.0%,16.1%,4.6%,21.0%,16.2%,,36.3%,20.4%,10.7%,19.3%,3.7%,9.6%,0.0%,,13.9%,24.6%,23.4%,38.1%,,,30.8%,15.0%,9.1%,,,,,3.5%,9.6%,32.0%,,,
2021,"1,561",,,570,314,0,426,35,119,97,174,518,,446,268,321,248,156,94,28,,214,175,436,736,,,320,389,150,,,,,142,141,419,,,
2021,"1,561",,,36.5%,20.1%,0.0%,27.3%,2.2%,7.6%,6.2%,11.1%,33.2%,,28.6%,17.2%,20.6%,15.9%,10.0%,6.0%,1.8%,,13.7%,11.2%,27.9%,47.1%,,,20.5%,24.9%,9.6%,,,,,9.1%,9.0%,26.8%,,,
2021,367.0,,,129.0,53.0,0.0,136.0,8.0,34.0,7.0,65.0,109.0,,27.0,19.0,114.0,77.0,55.0,47.0,28.0,,87.0,42.0,100.0,138.0,,,28.0,87.0,110.0,,,,,76.0,10.0,56.0,,,
2021,367,,,35.1%,14.4%,0.0%,37.1%,2.2%,9.3%,1.9%,17.7%,29.7%,,7.4%,5.2%,31.1%,21.0%,15.0%,12.8%,7.6%,,23.7%,11.4%,27.2%,37.6%,,,7.6%,23.7%,30.0%,,,,,20.7%,2.7%,15.3%,,,
2021,"1,194",,,441,261,0,290,27,85,90,109,409,,419,249,207,171,101,47,0,,127,133,336,598,,,292,302,40,,,,,66,131,363,,,
2021,"1,194",,,36.9%,21.9%,0.0%,24.3%,2.3%,7.1%,7.5%,9.1%,34.3%,,35.1%,20.9%,17.3%,14.3%,8.5%,3.9%,0.0%,,10.6%,11.1%,28.1%,50.1%,,,24.5%,25.3%,3.4%,,,,,5.5%,11.0%,30.4%,,,
2021,"1,453",,,589,317,48,266,0,80,153,261,456,,250,472,302,245,184,0,0,,185,153,229,886,,,568,282,152,,,,,83,135,233,,,
2021,"1,453",,,40.5%,21.8%,3.3%,18.3%,0.0%,5.5%,10.5%,18.0%,31.4%,,17.2%,32.5%,20.8%,16.9%,12.7%,0.0%,0.0%,,12.7%,10.5%,15.8%,61.0%,,,39.1%,19.4%,10.5%,,,,,5.7%,9.3%,16.0%,,,
2021,347.0,,,151.0,8.0,0.0,161.0,0.0,2.0,25.0,39.0,127.0,,20.0,65.0,98.0,94.0,70.0,0.0,0.0,,48.0,32.0,69.0,198.0,,,93.0,62.0,86.0,,,,,37.0,3.0,66.0,,,
2021,347,,,43.5%,2.3%,0.0%,46.4%,0.0%,0.6%,7.2%,11.2%,36.6%,,5.8%,18.7%,28.2%,27.1%,20.2%,0.0%,0.0%,,13.8%,9.2%,19.9%,57.1%,,,26.8%,17.9%,24.8%,,,,,10.7%,0.9%,19.0%,,,
2021,"1,106",,,438,309,48,105,0,78,128,222,329,,230,407,204,151,114,0,0,,137,121,160,688,,,475,220,66,,,,,46,132,167,,,
2021,"1,106",,,39.6%,27.9%,4.3%,9.5%,0.0%,7.1%,11.6%,20.1%,29.7%,,20.8%,36.8%,18.4%,13.7%,10.3%,0.0%,0.0%,,12.4%,10.9%,14.5%,62.2%,,,42.9%,19.9%,6.0%,,,,,4.2%,11.9%,15.1%,,,
2021,"1,497",,,321,562,10,351,0,160,93,214,272,,414,273,165,561,46,26,12,,119,256,631,491,,,286,279,77,,,,,101,112,642,,,
2021,"1,497",,,21.4%,37.5%,0.7%,23.4%,0.0%,10.7%,6.2%,14.3%,18.2%,,27.7%,18.2%,11.0%,37.5%,3.1%,1.7%,0.8%,,7.9%,17.1%,42.2%,32.8%,,,19.1%,18.6%,5.1%,,,,,6.7%,7.5%,42.9%,,,
2021,388.0,,,166.0,70.0,0.0,109.0,0.0,34.0,9.0,73.0,127.0,,66.0,67.0,75.0,119.0,35.0,26.0,0.0,,47.0,33.0,106.0,202.0,,,64.0,77.0,33.0,,,,,86.0,22.0,106.0,,,
2021,388,,,42.8%,18.0%,0.0%,28.1%,0.0%,8.8%,2.3%,18.8%,32.7%,,17.0%,17.3%,19.3%,30.7%,9.0%,6.7%,0.0%,,12.1%,8.5%,27.3%,52.1%,,,16.5%,19.8%,8.5%,,,,,22.2%,5.7%,27.3%,,,
2021,"1,109",,,155,492,10,242,0,126,84,141,145,,348,206,90,442,11,0,12,,72,223,525,289,,,222,202,44,,,,,15,90,536,,,
2021,"1,109",,,14.0%,44.4%,0.9%,21.8%,0.0%,11.4%,7.6%,12.7%,13.1%,,31.4%,18.6%,8.1%,39.9%,1.0%,0.0%,1.1%,,6.5%,20.1%,47.3%,26.1%,,,20.0%,18.2%,4.0%,,,,,1.4%,8.1%,48.3%,,,
2021,"1,362",,,234,320,12,564,0,119,113,188,198,,346,381,210,249,112,58,6,,257,329,366,410,,,378,289,108,,,,,88,69,430,,,
2021,"1,362",,,17.2%,23.5%,0.9%,41.4%,0.0%,8.7%,8.3%,13.8%,14.5%,,25.4%,28.0%,15.4%,18.3%,8.2%,4.3%,0.4%,,18.9%,24.2%,26.9%,30.1%,,,27.8%,21.2%,7.9%,,,,,6.5%,5.1%,31.6%,,,
2021,506.0,,,139.0,103.0,0.0,203.0,0.0,24.0,37.0,46.0,139.0,,45.0,156.0,61.0,134.0,79.0,25.0,6.0,,66.0,64.0,144.0,232.0,,,84.0,133.0,100.0,,,,,88.0,27.0,74.0,,,
2021,506,,,27.5%,20.4%,0.0%,40.1%,0.0%,4.7%,7.3%,9.1%,27.5%,,8.9%,30.8%,12.1%,26.5%,15.6%,4.9%,1.2%,,13.0%,12.6%,28.5%,45.8%,,,16.6%,26.3%,19.8%,,,,,17.4%,5.3%,14.6%,,,
2021,856.0,,,95.0,217.0,12.0,361.0,0.0,95.0,76.0,142.0,59.0,,301.0,225.0,149.0,115.0,33.0,33.0,0.0,,191.0,265.0,222.0,178.0,,,294.0,156.0,8.0,,,,,0.0,42.0,356.0,,,
2021,856,,,11.1%,25.4%,1.4%,42.2%,0.0%,11.1%,8.9%,16.6%,6.9%,,35.2%,26.3%,17.4%,13.4%,3.9%,3.9%,0.0%,,22.3%,31.0%,25.9%,20.8%,,,34.3%,18.2%,0.9%,,,,,0.0%,4.9%,41.6%,,,
2021,"1,111",,,139,167,0,402,25,224,154,454,42,,280,239,254,162,125,38,13,,319,382,263,147,,,250,193,92,,,,,148,128,300,,,
2021,"1,111",,,12.5%,15.0%,0.0%,36.2%,2.3%,20.2%,13.9%,40.9%,3.8%,,25.2%,21.5%,22.9%,14.6%,11.3%,3.4%,1.2%,,28.7%,34.4%,23.7%,13.2%,,,22.5%,17.4%,8.3%,,,,,13.3%,11.5%,27.0%,,,
2021,287.0,,,20.0,31.0,0.0,184.0,0.0,32.0,20.0,59.0,13.0,,56.0,28.0,77.0,36.0,64.0,13.0,13.0,,60.0,98.0,81.0,48.0,,,28.0,55.0,14.0,,,,,109.0,20.0,61.0,,,
2021,287,,,7.0%,10.8%,0.0%,64.1%,0.0%,11.1%,7.0%,20.6%,4.5%,,19.5%,9.8%,26.8%,12.5%,22.3%,4.5%,4.5%,,20.9%,34.1%,28.2%,16.7%,,,9.8%,19.2%,4.9%,,,,,38.0%,7.0%,21.3%,,,
2021,824.0,,,119.0,136.0,0.0,218.0,25.0,192.0,134.0,395.0,29.0,,224.0,211.0,177.0,126.0,61.0,25.0,0.0,,259.0,284.0,182.0,99.0,,,222.0,138.0,78.0,,,,,39.0,108.0,239.0,,,
2021,824,,,14.4%,16.5%,0.0%,26.5%,3.0%,23.3%,16.3%,47.9%,3.5%,,27.2%,25.6%,21.5%,15.3%,7.4%,3.0%,0.0%,,31.4%,34.5%,22.1%,12.0%,,,26.9%,16.7%,9.5%,,,,,4.7%,13.1%,29.0%,,,
2021,941.0,,,167.0,166.0,18.0,355.0,0.0,175.0,60.0,233.0,135.0,,272.0,169.0,133.0,161.0,132.0,52.0,22.0,,263.0,140.0,246.0,292.0,,,253.0,169.0,88.0,,,,,63.0,66.0,302.0,,,
2021,941,,,17.7%,17.6%,1.9%,37.7%,0.0%,18.6%,6.4%,24.8%,14.3%,,28.9%,18.0%,14.1%,17.1%,14.0%,5.5%,2.3%,,27.9%,14.9%,26.1%,31.0%,,,26.9%,18.0%,9.4%,,,,,6.7%,7.0%,32.1%,,,
2021,318.0,,,120.0,47.0,5.0,127.0,0.0,15.0,4.0,37.0,98.0,,74.0,41.0,50.0,47.0,68.0,16.0,22.0,,64.0,60.0,65.0,129.0,,,12.0,72.0,62.0,,,,,63.0,0.0,109.0,,,
2021,318,,,37.7%,14.8%,1.6%,39.9%,0.0%,4.7%,1.3%,11.6%,30.8%,,23.3%,12.9%,15.7%,14.8%,21.4%,5.0%,6.9%,,20.1%,18.9%,20.4%,40.6%,,,3.8%,22.6%,19.5%,,,,,19.8%,0.0%,34.3%,,,
2021,623.0,,,47.0,119.0,13.0,228.0,0.0,160.0,56.0,196.0,37.0,,198.0,128.0,83.0,114.0,64.0,36.0,0.0,,199.0,80.0,181.0,163.0,,,241.0,97.0,26.0,,,,,0.0,66.0,193.0,,,
2021,623,,,7.5%,19.1%,2.1%,36.6%,0.0%,25.7%,9.0%,31.5%,5.9%,,31.8%,20.5%,13.3%,18.3%,10.3%,5.8%,0.0%,,31.9%,12.8%,29.1%,26.2%,,,38.7%,15.6%,4.2%,,,,,0.0%,10.6%,31.0%,,,
2021,"1,728",,,593,279,17,565,14,188,72,285,499,,344,300,411,281,138,104,150,,425,195,401,707,,,435,326,172,,,,,198,161,436,,,
2021,"1,728",,,34.3%,16.1%,1.0%,32.7%,0.8%,10.9%,4.2%,16.5%,28.9%,,19.9%,17.4%,23.8%,16.3%,8.0%,6.0%,8.7%,,24.6%,11.3%,23.2%,40.9%,,,25.2%,18.9%,10.0%,,,,,11.5%,9.3%,25.2%,,,
2021,276.0,,,76.0,0.0,0.0,193.0,0.0,0.0,7.0,0.0,76.0,,0.0,45.0,73.0,45.0,37.0,8.0,68.0,,33.0,27.0,125.0,91.0,,,17.0,37.0,44.0,,,,,93.0,0.0,85.0,,,
2021,276,,,27.5%,0.0%,0.0%,69.9%,0.0%,0.0%,2.5%,0.0%,27.5%,,0.0%,16.3%,26.4%,16.3%,13.4%,2.9%,24.6%,,12.0%,9.8%,45.3%,33.0%,,,6.2%,13.4%,15.9%,,,,,33.7%,0.0%,30.8%,,,
2021,"1,452",,,517,279,17,372,14,188,65,285,423,,344,255,338,236,101,96,82,,392,168,276,616,,,418,289,128,,,,,105,161,351,,,
2021,"1,452",,,35.6%,19.2%,1.2%,25.6%,1.0%,12.9%,4.5%,19.6%,29.1%,,23.7%,17.6%,23.3%,16.3%,7.0%,6.6%,5.6%,,27.0%,11.6%,19.0%,42.4%,,,28.8%,19.9%,8.8%,,,,,7.2%,11.1%,24.2%,,,
2022,"2,292",,,"1,089",403,0,540,0,52,208,203,"1,007",,594,463,376,295,336,182,46,,127,237,381,"1,547",,,,438,201,,,,,264,,,130,307,952
2022,"2,292",,,47.5%,17.6%,0.0%,23.6%,0.0%,2.3%,9.1%,8.9%,43.9%,,25.9%,20.2%,16.4%,12.9%,14.7%,7.9%,2.0%,,5.5%,10.3%,16.6%,67.5%,,,,19.1%,8.8%,,,,,11.5%,,,5.7%,13.4%,41.5%
2022,587.0,,,293.0,20.0,0.0,220.0,0.0,12.0,42.0,40.0,280.0,,69.0,20.0,173.0,82.0,154.0,58.0,31.0,,70.0,84.0,136.0,297.0,,,,167.0,49.0,,,,,166.0,,,12.0,5.0,188.0
2022,587,,,49.9%,3.4%,0.0%,37.5%,0.0%,2.0%,7.2%,6.8%,47.7%,,11.8%,3.4%,29.5%,14.0%,26.2%,9.9%,5.3%,,11.9%,14.3%,23.2%,50.6%,,,,28.4%,8.3%,,,,,28.3%,,,2.0%,0.9%,32.0%
2022,"1,705",,,796,383,0,320,0,40,166,163,727,,525,443,203,213,182,124,15,,57,153,245,"1,250",,,,271,152,,,,,98,,,118,302,764
2022,"1,705",,,46.7%,22.5%,0.0%,18.8%,0.0%,2.3%,9.7%,9.6%,42.6%,,30.8%,26.0%,11.9%,12.5%,10.7%,7.3%,0.9%,,3.3%,9.0%,14.4%,73.3%,,,,15.9%,8.9%,,,,,5.7%,,,6.9%,17.7%,44.8%
2022,"1,479",,,802,233,0,215,5,55,169,222,760,,449,484,199,147,155,45,0,,100,23,204,"1,152",,,,213,87,,,,,94,,,125,345,615
2022,"1,479",,,54.2%,15.8%,0.0%,14.5%,0.3%,3.7%,11.4%,15.0%,51.4%,,30.4%,32.7%,13.5%,9.9%,10.5%,3.0%,0.0%,,6.8%,1.6%,13.8%,77.9%,,,,14.4%,5.9%,,,,,6.4%,,,8.5%,23.3%,41.6%
2022,147.0,,,73.0,8.0,0.0,37.0,0.0,0.0,29.0,0.0,73.0,,8.0,29.0,0.0,19.0,74.0,17.0,0.0,,22.0,0.0,27.0,98.0,,,,0.0,40.0,,,,,22.0,,,8.0,0.0,77.0
2022,147,,,49.7%,5.4%,0.0%,25.2%,0.0%,0.0%,19.7%,0.0%,49.7%,,5.4%,19.7%,0.0%,12.9%,50.3%,11.6%,0.0%,,15.0%,0.0%,18.4%,66.7%,,,,0.0%,27.2%,,,,,15.0%,,,5.4%,0.0%,52.4%
2022,"1,332",,,729,225,0,178,5,55,140,222,687,,441,455,199,128,81,28,0,,78,23,177,"1,054",,,,213,47,,,,,72,,,117,345,538
2022,"1,332",,,54.7%,16.9%,0.0%,13.4%,0.4%,4.1%,10.5%,16.7%,51.6%,,33.1%,34.2%,14.9%,9.6%,6.1%,2.1%,0.0%,,5.9%,1.7%,13.3%,79.1%,,,,16.0%,3.5%,,,,,5.4%,,,8.8%,25.9%,40.4%
2022,"1,539",,,543,452,13,434,0,29,68,61,535,,611,234,124,202,206,119,43,,144,134,290,971,,,,159,89,,,,,33,,,219,399,640
2022,"1,539",,,35.3%,29.4%,0.8%,28.2%,0.0%,1.9%,4.4%,4.0%,34.8%,,39.7%,15.2%,8.1%,13.1%,13.4%,7.7%,2.8%,,9.4%,8.7%,18.8%,63.1%,,,,10.3%,5.8%,,,,,2.1%,,,14.2%,25.9%,41.6%
2022,126.0,,,24.0,0.0,0.0,102.0,0.0,0.0,0.0,0.0,24.0,,29.0,0.0,37.0,34.0,26.0,0.0,0.0,,8.0,0.0,43.0,75.0,,,,25.0,27.0,,,,,0.0,,,0.0,44.0,30.0
2022,126,,,19.0%,0.0%,0.0%,81.0%,0.0%,0.0%,0.0%,0.0%,19.0%,,23.0%,0.0%,29.4%,27.0%,20.6%,0.0%,0.0%,,6.3%,0.0%,34.1%,59.5%,,,,19.8%,21.4%,,,,,0.0%,,,0.0%,34.9%,23.8%
2022,"1,413",,,519,452,13,332,0,29,68,61,511,,582,234,87,168,180,119,43,,136,134,247,896,,,,134,62,,,,,33,,,219,355,610
2022,"1,413",,,36.7%,32.0%,0.9%,23.5%,0.0%,2.1%,4.8%,4.3%,36.2%,,41.2%,16.6%,6.2%,11.9%,12.7%,8.4%,3.0%,,9.6%,9.5%,17.5%,63.4%,,,,9.5%,4.4%,,,,,2.3%,,,15.5%,25.1%,43.2%
2022,"1,584",,,556,267,8,443,0,229,81,303,502,,529,391,227,160,235,21,21,,186,141,495,762,,,,303,70,,,,,54,,,186,249,722
2022,"1,584",,,35.1%,16.9%,0.5%,28.0%,0.0%,14.5%,5.1%,19.1%,31.7%,,33.4%,24.7%,14.3%,10.1%,14.8%,1.3%,1.3%,,11.7%,8.9%,31.3%,48.1%,,,,19.1%,4.4%,,,,,3.4%,,,11.7%,15.7%,45.6%
2022,156.0,,,18.0,24.0,0.0,114.0,0.0,0.0,0.0,0.0,18.0,,8.0,9.0,45.0,37.0,46.0,0.0,11.0,,20.0,11.0,42.0,83.0,,,,51.0,26.0,,,,,41.0,,,0.0,10.0,28.0
2022,156,,,11.5%,15.4%,0.0%,73.1%,0.0%,0.0%,0.0%,0.0%,11.5%,,5.1%,5.8%,28.8%,23.7%,29.5%,0.0%,7.1%,,12.8%,7.1%,26.9%,53.2%,,,,32.7%,16.7%,,,,,26.3%,,,0.0%,6.4%,17.9%
2022,"1,428",,,538,243,8,329,0,229,81,303,484,,521,382,182,123,189,21,10,,166,130,453,679,,,,252,44,,,,,13,,,186,239,694
2022,"1,428",,,37.7%,17.0%,0.6%,23.0%,0.0%,16.0%,5.7%,21.2%,33.9%,,36.5%,26.8%,12.7%,8.6%,13.2%,1.5%,0.7%,,11.6%,9.1%,31.7%,47.5%,,,,17.6%,3.1%,,,,,0.9%,,,13.0%,16.7%,48.6%
2022,"1,232",,,246,303,6,448,0,203,26,209,217,,389,260,141,196,79,144,23,,199,297,299,437,,,,215,134,,,,,95,,,59,171,558
2022,"1,232",,,20.0%,24.6%,0.5%,36.4%,0.0%,16.5%,2.1%,17.0%,17.6%,,31.6%,21.1%,11.4%,15.9%,6.4%,11.7%,1.9%,,16.2%,24.1%,24.3%,35.5%,,,,17.5%,10.9%,,,,,7.7%,,,4.8%,13.9%,45.3%
2022,125.0,,,29.0,0.0,0.0,85.0,0.0,11.0,0.0,11.0,29.0,,28.0,40.0,6.0,28.0,0.0,0.0,23.0,,28.0,13.0,29.0,55.0,,,,14.0,26.0,,,,,54.0,,,0.0,0.0,31.0
2022,125,,,23.2%,0.0%,0.0%,68.0%,0.0%,8.8%,0.0%,8.8%,23.2%,,22.4%,32.0%,4.8%,22.4%,0.0%,0.0%,18.4%,,22.4%,10.4%,23.2%,44.0%,,,,11.2%,20.8%,,,,,43.2%,,,0.0%,0.0%,24.8%
2022,"1,107",,,217,303,6,363,0,192,26,198,188,,361,220,135,168,79,144,0,,171,284,270,382,,,,201,108,,,,,41,,,59,171,527
2022,"1,107",,,19.6%,27.4%,0.5%,32.8%,0.0%,17.3%,2.3%,17.9%,17.0%,,32.6%,19.9%,12.2%,15.2%,7.1%,13.0%,0.0%,,15.4%,25.7%,24.4%,34.5%,,,,18.2%,9.8%,,,,,3.7%,,,5.3%,15.4%,47.6%
2022,"1,610",,,433,365,0,478,22,138,174,189,421,,422,297,283,280,162,158,8,,198,225,399,788,,,,399,155,,,,,196,,,104,191,565
2022,"1,610",,,26.9%,22.7%,0.0%,29.7%,1.4%,8.6%,10.8%,11.7%,26.1%,,26.2%,18.4%,17.6%,17.4%,10.1%,9.8%,0.5%,,12.3%,14.0%,24.8%,48.9%,,,,24.8%,9.6%,,,,,12.2%,,,6.5%,11.9%,35.1%
2022,405.0,,,137.0,43.0,0.0,176.0,0.0,38.0,11.0,49.0,137.0,,31.0,53.0,92.0,80.0,38.0,103.0,8.0,,65.0,51.0,72.0,217.0,,,,93.0,83.0,,,,,111.0,,,11.0,45.0,62.0
2022,405,,,33.8%,10.6%,0.0%,43.5%,0.0%,9.4%,2.7%,12.1%,33.8%,,7.7%,13.1%,22.7%,19.8%,9.4%,25.4%,2.0%,,16.0%,12.6%,17.8%,53.6%,,,,23.0%,20.5%,,,,,27.4%,,,2.7%,11.1%,15.3%
2022,"1,205",,,296,322,0,302,22,100,163,140,284,,391,244,191,200,124,55,0,,133,174,327,571,,,,306,72,,,,,85,,,93,146,503
2022,"1,205",,,24.6%,26.7%,0.0%,25.1%,1.8%,8.3%,13.5%,11.6%,23.6%,,32.4%,20.2%,15.9%,16.6%,10.3%,4.6%,0.0%,,11.0%,14.4%,27.1%,47.4%,,,,25.4%,6.0%,,,,,7.1%,,,7.7%,12.1%,41.7%
2022,"1,447",,,649,318,32,239,0,57,152,237,541,,272,432,272,274,186,0,11,,167,136,208,936,,,,293,101,,,,,55,,,88,215,695
2022,"1,447",,,44.9%,22.0%,2.2%,16.5%,0.0%,3.9%,10.5%,16.4%,37.4%,,18.8%,29.9%,18.8%,18.9%,12.9%,0.0%,0.8%,,11.5%,9.4%,14.4%,64.7%,,,,20.2%,7.0%,,,,,3.8%,,,6.1%,14.9%,48.0%
2022,378.0,,,169.0,8.0,0.0,164.0,0.0,5.0,32.0,48.0,148.0,,16.0,77.0,100.0,113.0,61.0,0.0,11.0,,80.0,31.0,75.0,192.0,,,,52.0,57.0,,,,,36.0,,,22.0,11.0,200.0
2022,378,,,44.7%,2.1%,0.0%,43.4%,0.0%,1.3%,8.5%,12.7%,39.2%,,4.2%,20.4%,26.5%,29.9%,16.1%,0.0%,2.9%,,21.2%,8.2%,19.8%,50.8%,,,,13.8%,15.1%,,,,,9.5%,,,5.8%,2.9%,52.9%
2022,"1,069",,,480,310,32,75,0,52,120,189,393,,256,355,172,161,125,0,0,,87,105,133,744,,,,241,44,,,,,19,,,66,204,495
2022,"1,069",,,44.9%,29.0%,3.0%,7.0%,0.0%,4.9%,11.2%,17.7%,36.8%,,23.9%,33.2%,16.1%,15.1%,11.7%,0.0%,0.0%,,8.1%,9.8%,12.4%,69.6%,,,,22.5%,4.1%,,,,,1.8%,,,6.2%,19.1%,46.3%
2022,"1,505",,,321,556,27,315,0,169,117,237,276,,412,233,184,559,58,59,0,,99,286,589,531,,,,203,99,,,,,82,,,97,290,734
2022,"1,505",,,21.3%,36.9%,1.8%,20.9%,0.0%,11.2%,7.8%,15.7%,18.3%,,27.4%,15.5%,12.2%,37.1%,3.9%,3.9%,0.0%,,6.6%,19.0%,39.1%,35.3%,,,,13.5%,6.6%,,,,,5.4%,,,6.4%,19.3%,48.8%
2022,463.0,,,181.0,69.0,13.0,132.0,0.0,39.0,29.0,86.0,147.0,,100.0,77.0,60.0,133.0,46.0,47.0,0.0,,34.0,35.0,119.0,275.0,,,,63.0,64.0,,,,,75.0,,,68.0,61.0,132.0
2022,463,,,39.1%,14.9%,2.8%,28.5%,0.0%,8.4%,6.3%,18.6%,31.7%,,21.6%,16.6%,13.0%,28.7%,9.9%,10.2%,0.0%,,7.3%,7.6%,25.7%,59.4%,,,,13.6%,13.8%,,,,,16.2%,,,14.7%,13.2%,28.5%
2022,"1,042",,,140,487,14,183,0,130,88,151,129,,312,156,124,426,12,12,0,,65,251,470,256,,,,140,35,,,,,7,,,29,229,602
2022,"1,042",,,13.4%,46.7%,1.3%,17.6%,0.0%,12.5%,8.4%,14.5%,12.4%,,29.9%,15.0%,11.9%,40.9%,1.2%,1.2%,0.0%,,6.2%,24.1%,45.1%,24.6%,,,,13.4%,3.4%,,,,,0.7%,,,2.8%,22.0%,57.8%
2022,"1,342",,,238,331,11,521,0,159,82,203,216,,306,439,197,180,125,95,0,,268,353,318,403,,,,290,74,,,,,105,,,87,208,578
2022,"1,342",,,17.7%,24.7%,0.8%,38.8%,0.0%,11.8%,6.1%,15.1%,16.1%,,22.8%,32.7%,14.7%,13.4%,9.3%,7.1%,0.0%,,20.0%,26.3%,23.7%,30.0%,,,,21.6%,5.5%,,,,,7.8%,,,6.5%,15.5%,43.1%
2022,479.0,,,166.0,88.0,0.0,144.0,0.0,54.0,27.0,76.0,166.0,,41.0,212.0,52.0,85.0,69.0,20.0,0.0,,34.0,79.0,127.0,239.0,,,,112.0,53.0,,,,,97.0,,,0.0,58.0,159.0
2022,479,,,34.7%,18.4%,0.0%,30.1%,0.0%,11.3%,5.6%,15.9%,34.7%,,8.6%,44.3%,10.9%,17.7%,14.4%,4.2%,0.0%,,7.1%,16.5%,26.5%,49.9%,,,,23.4%,11.1%,,,,,20.3%,,,0.0%,12.1%,33.2%
2022,863.0,,,72.0,243.0,11.0,377.0,0.0,105.0,55.0,127.0,50.0,,265.0,227.0,145.0,95.0,56.0,75.0,0.0,,234.0,274.0,191.0,164.0,,,,178.0,21.0,,,,,8.0,,,87.0,150.0,419.0
2022,863,,,8.3%,28.2%,1.3%,43.7%,0.0%,12.2%,6.4%,14.7%,5.8%,,30.7%,26.3%,16.8%,11.0%,6.5%,8.7%,0.0%,,27.1%,31.7%,22.1%,19.0%,,,,20.6%,2.4%,,,,,0.9%,,,10.1%,17.4%,48.6%
2022,"1,089",,,122,214,16,382,34,148,173,290,88,,307,234,230,142,109,43,24,,198,387,310,194,,,,186,30,,,,,129,,,56,345,343
2022,"1,089",,,11.2%,19.7%,1.5%,35.1%,3.1%,13.6%,15.9%,26.6%,8.1%,,28.2%,21.5%,21.1%,13.0%,10.0%,3.9%,2.2%,,18.2%,35.5%,28.5%,17.8%,,,,17.1%,2.8%,,,,,11.8%,,,5.1%,31.7%,31.5%
2022,276.0,,,59.0,26.0,16.0,159.0,0.0,11.0,5.0,24.0,51.0,,28.0,46.0,83.0,29.0,53.0,13.0,24.0,,51.0,73.0,101.0,51.0,,,,52.0,20.0,,,,,97.0,,,9.0,58.0,40.0
2022,276,,,21.4%,9.4%,5.8%,57.6%,0.0%,4.0%,1.8%,8.7%,18.5%,,10.1%,16.7%,30.1%,10.5%,19.2%,4.7%,8.7%,,18.5%,26.4%,36.6%,18.5%,,,,18.8%,7.2%,,,,,35.1%,,,3.3%,21.0%,14.5%
2022,813.0,,,63.0,188.0,0.0,223.0,34.0,137.0,168.0,266.0,37.0,,279.0,188.0,147.0,113.0,56.0,30.0,0.0,,147.0,314.0,209.0,143.0,,,,134.0,10.0,,,,,32.0,,,47.0,287.0,303.0
2022,813,,,7.7%,23.1%,0.0%,27.4%,4.2%,16.9%,20.7%,32.7%,4.6%,,34.3%,23.1%,18.1%,13.9%,6.9%,3.7%,0.0%,,18.1%,38.6%,25.7%,17.6%,,,,16.5%,1.2%,,,,,3.9%,,,5.8%,35.3%,37.3%
2022,923.0,,,143.0,128.0,20.0,365.0,0.0,199.0,68.0,259.0,125.0,,285.0,195.0,96.0,171.0,125.0,38.0,13.0,,236.0,204.0,204.0,279.0,,,,167.0,95.0,,,,,40.0,,,21.0,180.0,420.0
2022,923,,,15.5%,13.9%,2.2%,39.5%,0.0%,21.6%,7.4%,28.1%,13.5%,,30.9%,21.1%,10.4%,18.5%,13.5%,4.1%,1.4%,,25.6%,22.1%,22.1%,30.2%,,,,18.1%,10.3%,,,,,4.3%,,,2.3%,19.5%,45.5%
2022,360.0,,,97.0,22.0,3.0,172.0,0.0,48.0,18.0,74.0,79.0,,58.0,85.0,48.0,75.0,61.0,20.0,13.0,,97.0,70.0,69.0,124.0,,,,120.0,73.0,,,,,40.0,,,21.0,15.0,91.0
2022,360,,,26.9%,6.1%,0.8%,47.8%,0.0%,13.3%,5.0%,20.6%,21.9%,,16.1%,23.6%,13.3%,20.8%,16.9%,5.6%,3.6%,,26.9%,19.4%,19.2%,34.4%,,,,33.3%,20.3%,,,,,11.1%,,,5.8%,4.2%,25.3%
2022,563.0,,,46.0,106.0,17.0,193.0,0.0,151.0,50.0,185.0,46.0,,227.0,110.0,48.0,96.0,64.0,18.0,0.0,,139.0,134.0,135.0,155.0,,,,47.0,22.0,,,,,0.0,,,0.0,165.0,329.0
2022,563,,,8.2%,18.8%,3.0%,34.3%,0.0%,26.8%,8.9%,32.9%,8.2%,,40.3%,19.5%,8.5%,17.1%,11.4%,3.2%,0.0%,,24.7%,23.8%,24.0%,27.5%,,,,8.3%,3.9%,,,,,0.0%,,,0.0%,29.3%,58.4%
2022,"1,816",,,511,345,35,655,0,228,42,309,432,,318,230,523,269,217,108,151,,470,173,427,746,,,,347,169,,,,,214,,,113,196,777
2022,"1,816",,,28.1%,19.0%,1.9%,36.1%,0.0%,12.6%,2.3%,17.0%,23.8%,,17.5%,12.7%,28.8%,14.8%,11.9%,5.9%,8.3%,,25.9%,9.5%,23.5%,41.1%,,,,19.1%,9.3%,,,,,11.8%,,,6.2%,10.8%,42.8%
2022,336.0,,,61.0,60.0,0.0,215.0,0.0,0.0,0.0,0.0,61.0,,0.0,27.0,109.0,33.0,77.0,9.0,81.0,,28.0,42.0,149.0,117.0,,,,37.0,39.0,,,,,117.0,,,11.0,19.0,113.0
2022,336,,,18.2%,17.9%,0.0%,64.0%,0.0%,0.0%,0.0%,0.0%,18.2%,,0.0%,8.0%,32.4%,9.8%,22.9%,2.7%,24.1%,,8.3%,12.5%,44.3%,34.8%,,,,11.0%,11.6%,,,,,34.8%,,,3.3%,5.7%,33.6%
2022,"1,480",,,450,285,35,440,0,228,42,309,371,,318,203,414,236,140,99,70,,442,131,278,629,,,,310,130,,,,,97,,,102,177,664
2022,"1,480",,,30.4%,19.3%,2.4%,29.7%,0.0%,15.4%,2.8%,20.9%,25.1%,,21.5%,13.7%,28.0%,15.9%,9.5%,6.7%,4.7%,,29.9%,8.9%,18.8%,42.5%,,,,20.9%,8.8%,,,,,6.6%,,,6.9%,12.0%,44.9%
