geoid,zcta,overlap_sq_m,overlap_sq_miles,tract_sq_m,share_of_tract_area
47157007300,38152,255857.5589300079,0.09878715578227708,1917132.463854497,0.13345846661820782
47157007300,38111,1649986.8517505797,0.6370634850275534,1917132.463854497,0.8606535452606092
47157007300,38117,11288.053173909577,0.004358341696188394,1917132.463854497,0.0058879881211830005
47157022410,38109,13387016.819528995,5.168756090464173,13387016.819528986,1.0000000000000007
47157005300,38109,6464514.084780257,2.495962842061701,6464514.084780256,1.0000000000000002
47157005700,38106,1446683.980855051,0.5585678077369136,1446683.9808550507,1.0000000000000002
47157003300,38104,1122826.5511841313,0.43352575508096314,1122826.5511841313,1.0
47157000600,38108,5056666.032606524,1.9523896702176449,5056666.032606521,1.0000000000000007
47157022130,38116,5010354.129129991,1.9345085443191459,5010354.12912999,1.0000000000000002
47157010120,38127,7376533.394612629,2.8480954662203715,7376533.394612626,1.0000000000000004
47157000100,38103,4634247.578214085,1.7892929931685602,6882516.910258722,0.6733361702760972
47157000100,38107,2248269.3320446354,0.8680616420872166,6882516.910258722,0.3266638297239026
47157000300,38107,2966915.0604945854,1.1455323090690508,2966915.060494583,1.0000000000000009
47157000400,38108,1015957.3876429789,0.39226334035609856,2367979.238394449,0.4290398206074747
47157000400,38107,1352021.85075147,0.5220185549716951,2367979.238394449,0.5709601793925253
47157001600,38112,2402707.6688567824,0.9276906172920918,3128807.795535011,0.7679307346029962
47157001600,38107,514006.15440631146,0.19845888572037856,3128807.795535011,0.16428179293717812
47157001600,38104,212093.9722719136,0.0818899405080275,3128807.795535011,0.06778747245982444
47157007810,38106,2172936.6167050838,0.8389755180857521,5976021.759463609,0.36360922101129034
47157007810,38114,3803085.1427585217,1.468379382739771,5976021.759463609,0.636390778988709
47157001300,38112,694834.0625694914,0.2682769313868975,1664584.8834296437,0.41742182659852306
47157001300,38122,969750.8208601525,0.37442288518241357,1664584.8834296437,0.5825781734014771
47157001400,38112,1226142.0419480668,0.47341608907579075,1226142.0419480668,1.0
47157001500,38112,1368538.7627339335,0.5283957703405798,1368538.7627339335,1.0
47157001700,38112,196834.8537794543,0.07599836192063401,1644291.7508544587,0.1197079859320396
47157001700,38107,1379195.7785488057,0.532510467150323,1644291.7508544587,0.8387780196744918
47157001700,38104,68261.11852619851,0.026355765207486982,1644291.7508544587,0.041513994393468506
47157001900,38107,926177.940320904,0.3575993019522976,926177.9403209047,0.9999999999999992
47157002000,38107,926161.7143078687,0.35759303705364015,965694.8760711174,0.9590624712392725
47157002000,38105,39533.16176324844,0.015263839090797907,965694.8760711174,0.04093752876072739
47157002100,38107,281986.4205952178,0.1088755656714716,791222.2234421559,0.35639345336946676
47157002100,38105,509235.80284693785,0.1966170426862981,791222.2234421559,0.643606546630533
47157002400,38107,71050.41802701497,0.027432719765573585,1241869.5799509576,0.05721246350991286
47157002400,38105,1170819.1619239422,0.45205580568169146,1241869.5799509576,0.9427875364900868
47157002500,38112,207617.34114056148,0.08016150356521413,1620795.5469596658,0.12809594740682498
47157002500,38107,236816.1665355669,0.09143523307712971,1620795.5469596658,0.1461110668645366
47157002500,38105,226063.94142950187,0.08728377575454371,1620795.5469596658,0.13947714864688454
47157002500,38104,950298.097854035,0.36691214684022333,1620795.5469596658,0.5863158370817535
47157011401,38103,566568.8169275424,0.21875344317856396,1216921.642336664,0.4655754300167175
47157011401,38126,650352.8254091218,0.25110262970464037,1216921.642336664,0.5344245699832827
47157010122,38127,2057800.5786226674,0.7945212452561059,2057800.5786226685,0.9999999999999994
47157010002,38127,2974367.2383620106,1.1484096110295057,2974367.238362007,1.0000000000000013
47157010121,38127,2139334.886684116,0.8260018175938959,2139334.8866841164,0.9999999999999998
47157010001,38127,2544453.086317176,0.9824188289370499,2544453.0863171774,0.9999999999999994
47157011402,38103,730580.7581123883,0.28207880769676963,1660304.1508049185,0.4400282669643399
47157011402,38126,929723.3926925308,0.3589682087659921,1660304.1508049185,0.5599717330356605
47157020543,38128,4239131.346916629,1.6367377633894562,4239131.346916631,0.9999999999999996
47157001100,38122,1751405.505106872,0.6762214460048859,1751405.505106872,1.0
47157000700,38112,92504.33233351128,0.03571612238849647,2497535.4421860967,0.03703824609293316
47157000700,38108,1218070.64240108,0.4702997042882407,2497535.4421860967,0.48770905182226404
47157000700,38107,1186960.4674515063,0.4582879985875771,2497535.4421860967,0.47525270208480325
47157000800,38108,2191972.122654079,0.8463251680216067,2191972.122654077,1.0000000000000009
47157000900,38112,38838.94513340662,0.014995800551519917,2365333.84095914,0.0164200691085777
47157000900,38108,2326494.8958257306,0.8982647011162973,2365333.84095914,0.9835799308914212
47157005500,38109,2518728.174149331,0.9724863848207301,3355145.4888370903,0.7507060968084381
47157005500,38106,836417.3146877551,0.32294253064321843,3355145.4888370903,0.24929390319156067
47157010220,38127,10654378.806927446,4.113678655283576,10654378.806927444,1.0000000000000002
47157020221,38127,8926546.411160769,3.446558837678496,52087383.810562566,0.17137636329798916
47157020221,38053,43160837.39940175,16.664492484408537,52087383.810562566,0.8286236367020099
47157020521,38128,7788496.515747144,3.007155316530291,7788496.515747137,1.0000000000000009
47157022210,38109,20645352.785481323,7.971215274344635,20645352.785481334,0.9999999999999994
47157011200,38107,1201230.7996239685,0.4637978046424825,1201230.799623968,1.0000000000000004
47157011600,38126,1383639.5952853924,0.5342262343844861,1524874.4383567628,0.9073793621830476
47157011600,38106,141234.8430713708,0.054531077771259866,1524874.4383567628,0.09262063781695264
47157011500,38106,2388233.321047056,0.9221020403592624,2388233.321047054,1.0000000000000009
47157022700,38109,7148291.816047987,2.7599709000674277,8269713.44728034,0.8643941367035934
47157022700,38116,1121421.6312323601,0.43298331245500493,8269713.44728034,0.13560586329640745
47157007821,38106,1946584.020343897,0.7515802920390109,3502728.373861972,0.5557336489091415
47157007821,38114,1556144.3535180744,0.6008306938969674,3502728.373861972,0.44426635109085844
47157007822,38106,2338011.4697713447,0.9027112751757125,2338011.4697713447,1.0
47157007900,38111,1603459.6641514942,0.6190992374646371,2737800.6811533417,0.5856743608800665
47157007900,38114,1134341.0170018503,0.43797151518764765,2737800.6811533417,0.4143256391199345
47157008000,38111,2681196.9803216727,1.0352159415796856,2681196.9803216723,1.0000000000000002
47157008110,38114,1940070.9790254347,0.7490655927272765,1940070.9790254335,1.0000000000000007
47157008120,38111,959140.3055023573,0.3703261422995211,3200939.0441219867,0.2996434147234591
47157008120,38114,2241798.738619634,0.865563331998773,3200939.0441219867,0.7003565852765423
47157008900,38128,3916790.616492189,1.5122813115864313,6127327.474242794,0.6392331131242859
47157008900,38108,2210536.857750606,0.8534930523151444,6127327.474242794,0.3607668868757142
47157006700,38111,559057.9325113633,0.21585347449291437,1874531.7474262875,0.29823871122958784
47157006700,38114,1315473.814914925,0.5079072794447185,1874531.7474262875,0.7017612887704126
47157006800,38114,1286009.8195337986,0.4965311672287809,1286009.819533799,0.9999999999999997
47157006900,38114,1920539.4881933166,0.7415244419574437,1920539.4881933166,1.0
47157007000,38111,1539202.4978911227,0.5942894068696869,1539202.4978911225,1.0000000000000002
47157010210,38127,3607031.5671795583,1.3926826740187688,3607031.5671795574,1.0000000000000002
47157007100,38111,1795929.9611167563,0.6934124345782304,1795929.9611167582,0.999999999999999
47157007200,38111,2224837.5019270475,0.8590145619002161,2224837.501927049,0.9999999999999993
47157020511,38128,3783441.1722344127,1.4607948033180684,3783441.172234413,0.9999999999999999
47157022322,38109,4149000.6776393233,1.601938117430613,4149000.67763932,1.0000000000000009
47157022330,38109,4212774.023389553,1.6265611438822505,4212774.023389546,1.0000000000000016
47157006300,38104,639323.6217528813,0.24684423036596165,1187870.058605165,0.5382100652520828
47157006300,38114,548546.4368522828,0.21179496332943387,1187870.058605165,0.46178993474791646
47157005000,38126,699029.8280174283,0.26989692548308375,858425.7090244468,0.8143160446718644
47157005000,38106,159395.88100701815,0.06154309371958455,858425.7090244468,0.1856839553281352
47157004300,72364,24378.848920117132,0.0094127261908374,1788975.2372179215,0.013627270189625021
47157004300,38103,1418213.9120750253,0.5475754527270937,1788975.2372179215,0.7927521200799424
47157004300,38126,179623.96814382108,0.06935320182628885,1788975.2372179215,0.10040606734342429
47157004300,38106,166758.508078958,0.06438581992460357,1788975.2372179215,0.0932145423870082
47157009901,38127,19052471.336184174,7.356200308468787,19052471.336184155,1.0000000000000009
47157022500,38132,1838296.5817022803,0.7097702782364501,15750863.193055196,0.11671084683871893
47157022500,38109,2023664.0472325,0.7813410568012104,15750863.193055196,0.12847956473425312
47157022500,38116,10897322.953718849,4.207479914764989,15750863.193055196,0.6918556030963211
47157022500,38131,582525.6230589304,0.22491440046933617,15750863.193055196,0.036983726918266624
47157022500,38106,409053.98734263715,0.15793662747338652,15750863.193055196,0.025970258412440248
47157020531,38002,3960890.112933281,1.5293082223529717,17610412.45549905,0.2249175096234869
47157020531,38128,12304136.288807081,4.750653580108852,17610412.45549905,0.6986852988196183
47157020531,38135,1345386.053758701,0.5194564594291375,17610412.45549905,0.0763971915568956
47157020532,38128,7336758.513423272,2.8327382987373917,7956450.286355825,0.9221145422104584
47157020532,38135,619691.7729325527,0.2392643311602538,7956450.286355825,0.07788545778954159
47157011700,38109,194606.55917499843,0.07513801256398511,3521562.7473228513,0.055261420323389515
47157011700,38106,3326956.1881478503,1.2845449656200325,3521562.7473228513,0.9447385796766098
47157010300,38127,5611827.689082694,2.1667387841230936,5611827.6890826905,1.0000000000000007
47157004500,38126,555455.0293452194,0.2144623858034468,555455.0293452189,1.0000000000000009
47157980300,72301,434267.22450462607,0.16767151276547304,97476209.4289318,0.004455109888338885
47157980300,38109,81264902.56261817,31.37655429316841,97476209.4289318,0.8336896052761159
47157980100,38132,175541.50154549617,0.06777695266049816,18924566.905483928,0.009275853044469306
47157980100,38116,6332945.541540481,2.445163943520538,18924566.905483928,0.33464150451471264
47157980100,38118,12416079.86239797,4.79387523550725,18924566.905483928,0.6560826424408192
47157004600,38126,302323.0378937269,0.1167275775078776,1281528.5437282636,0.23590815778023883
47157004600,38104,979205.5058345364,0.37807335945936205,1281528.5437282636,0.7640918422197609
47157003500,38104,1413184.6527549345,0.545633644847737,1413184.6527549343,1.0000000000000002
47157003600,38105,21475.71714206377,0.008291820744797828,1213205.3901516143,0.01770163347146022
47157003600,38104,1191729.6730095497,0.46012939914807033,1213205.3901516143,0.9822983665285391
47157003700,38103,87002.42910885467,0.03359182567736491,702166.7909074898,0.12390564497704536
47157003700,38126,111803.13814791777,0.04316743297073032,702166.7909074898,0.15922589845558188
47157003700,38104,503361.2236507174,0.19434885497810883,702166.7909074898,0.7168684565673727
47157000200,38107,1102092.9327446322,0.42552046024707707,1102092.9327446313,1.0000000000000009
47157011100,38112,345348.6437486151,0.13333985680104643,4059783.364958885,0.08506578127528058
47157011100,38108,3041967.308154169,1.174510143893878,4059783.364958885,0.7492930126297456
47157011100,38122,672467.4130560978,0.25964111973041387,4059783.364958885,0.16564120609497304
47157003800,38103,231288.48082070466,0.08930098169087715,716891.9429831285,0.32262669860435
47157003800,38105,266666.5503696461,0.10296053070878822,716891.9429831285,0.3719759344204569
47157003800,38104,218936.91179277792,0.08453201422780862,716891.9429831285,0.30539736697519343
47157009902,38127,4060586.8049379946,1.5678013303355331,4060586.804937995,0.9999999999999999
47157022220,38109,7011158.828825756,2.707023557693551,7011158.828825758,0.9999999999999998
47157020524,38128,4658019.1390958065,1.7984712441369162,4658019.139095804,1.0000000000000007
47157020523,38128,2501637.1910826676,0.965887519367079,2501637.191082669,0.9999999999999994
47157022121,38116,4373321.508156002,1.6885488742991368,4373321.508156003,0.9999999999999996
47157005600,38109,518888.776726065,0.20034407673738294,4195193.061486948,0.1236865071811855
47157005600,38106,3676304.2847608826,1.4194290198050192,4195193.061486948,0.8763134928188143
47157005800,38106,706629.9062110923,0.27283133207874877,706629.9062110924,0.9999999999999999
47157005900,38106,1419381.745858038,0.5480263558715338,1419381.7458580392,0.9999999999999992
47157006000,38106,1522989.8506408161,0.5880296687706563,1522989.8506408182,0.9999999999999987
47157006200,38104,273718.73640867614,0.10568339496090061,1624460.329851261,0.16849825839313565
47157006200,38106,631653.5976200566,0.2438828174922054,1624460.329851261,0.3888390415036433
47157006200,38114,719087.9958225287,0.27764142736903963,1624460.329851261,0.4426627001032213
47157022111,38116,4156342.5368588674,1.604772825122994,4156342.5368588725,0.9999999999999988
47157006400,38114,987409.416275037,0.3812409069889282,987409.4162750369,1.0000000000000002
47157007400,38111,1692931.6050544158,0.6536445469762373,1692931.6050544155,1.0000000000000002
47157007500,38106,1726745.539011587,0.6667001798659128,1726745.539011587,1.0
47157022310,38109,6576692.889737943,2.5392753207985757,6576692.889737943,1.0
47157022321,38109,4259778.858073401,1.6447098120156152,4259778.858073398,1.0000000000000009
47157006500,38106,379737.79381042265,0.1466175818703504,2132580.798647798,0.17806490335616
47157006500,38114,1752843.0048373751,0.6767764677537373,2132580.798647798,0.8219350966438399
47157980200,72301,669391.6861768878,0.2584535749432639,44811937.672010034,0.014937798295542044
47157980200,38113,42362120.69023329,16.35610623893468,44811937.672010034,0.9453311526114407
47157980200,38106,1780425.295599877,0.6874260497546847,44811937.672010034,0.03973104909301763
